local_rel,local_ext,all_expected_keys,matched,match_type,matched_prefix,matched_key,remote_ext,same_ext,note
17qg1bp.mp4,.mp4,Images/17qg1bp.mp4 | RedGiphys/17qg1bp.mp4 | Gifs/17qg1bp.mp4 | Videos/17qg1bp.mp4,True,exact,RedGiphys,RedGiphys/17qg1bp.mp4,.mp4,True,exact_match
1d0hf5g.mp4,.mp4,Images/1d0hf5g.mp4 | RedGiphys/1d0hf5g.mp4 | Gifs/1d0hf5g.mp4 | Videos/1d0hf5g.mp4,True,exact,RedGiphys,RedGiphys/1d0hf5g.mp4,.mp4,True,exact_match
1d9p2ap.mp4,.mp4,Images/1d9p2ap.mp4 | RedGiphys/1d9p2ap.mp4 | Gifs/1d9p2ap.mp4 | Videos/1d9p2ap.mp4,True,exact,RedGiphys,RedGiphys/1d9p2ap.mp4,.mp4,True,exact_match
1fsevhl.mp4,.mp4,Images/1fsevhl.mp4 | RedGiphys/1fsevhl.mp4 | Gifs/1fsevhl.mp4 | Videos/1fsevhl.mp4,True,exact,RedGiphys,RedGiphys/1fsevhl.mp4,.mp4,True,exact_match
1hxnekg.mp4,.mp4,Images/1hxnekg.mp4 | RedGiphys/1hxnekg.mp4 | Gifs/1hxnekg.mp4 | Videos/1hxnekg.mp4,True,exact,RedGiphys,RedGiphys/1hxnekg.mp4,.mp4,True,exact_match
1leooou.mp4,.mp4,Images/1leooou.mp4 | RedGiphys/1leooou.mp4 | Gifs/1leooou.mp4 | Videos/1leooou.mp4,True,exact,RedGiphys,RedGiphys/1leooou.mp4,.mp4,True,exact_match
1n768d8.mp4,.mp4,Images/1n768d8.mp4 | RedGiphys/1n768d8.mp4 | Gifs/1n768d8.mp4 | Videos/1n768d8.mp4,True,exact,RedGiphys,RedGiphys/1n768d8.mp4,.mp4,True,exact_match
1n9a4xu.mp4,.mp4,Images/1n9a4xu.mp4 | RedGiphys/1n9a4xu.mp4 | Gifs/1n9a4xu.mp4 | Videos/1n9a4xu.mp4,True,exact,RedGiphys,RedGiphys/1n9a4xu.mp4,.mp4,True,exact_match
1n9e0je.mp4,.mp4,Images/1n9e0je.mp4 | RedGiphys/1n9e0je.mp4 | Gifs/1n9e0je.mp4 | Videos/1n9e0je.mp4,True,exact,RedGiphys,RedGiphys/1n9e0je.mp4,.mp4,True,exact_match
1nbhct5.mp4,.mp4,Images/1nbhct5.mp4 | RedGiphys/1nbhct5.mp4 | Gifs/1nbhct5.mp4 | Videos/1nbhct5.mp4,True,exact,RedGiphys,RedGiphys/1nbhct5.mp4,.mp4,True,exact_match
1nc6x3m.mp4,.mp4,Images/1nc6x3m.mp4 | RedGiphys/1nc6x3m.mp4 | Gifs/1nc6x3m.mp4 | Videos/1nc6x3m.mp4,True,exact,RedGiphys,RedGiphys/1nc6x3m.mp4,.mp4,True,exact_match
1nd098z.mp4,.mp4,Images/1nd098z.mp4 | RedGiphys/1nd098z.mp4 | Gifs/1nd098z.mp4 | Videos/1nd098z.mp4,True,exact,RedGiphys,RedGiphys/1nd098z.mp4,.mp4,True,exact_match
1nd9g1k.mp4,.mp4,Images/1nd9g1k.mp4 | RedGiphys/1nd9g1k.mp4 | Gifs/1nd9g1k.mp4 | Videos/1nd9g1k.mp4,True,exact,RedGiphys,RedGiphys/1nd9g1k.mp4,.mp4,True,exact_match
1nerksi.mp4,.mp4,Images/1nerksi.mp4 | RedGiphys/1nerksi.mp4 | Gifs/1nerksi.mp4 | Videos/1nerksi.mp4,True,exact,RedGiphys,RedGiphys/1nerksi.mp4,.mp4,True,exact_match
1nim75h.mp4,.mp4,Images/1nim75h.mp4 | RedGiphys/1nim75h.mp4 | Gifs/1nim75h.mp4 | Videos/1nim75h.mp4,True,exact,RedGiphys,RedGiphys/1nim75h.mp4,.mp4,True,exact_match
1nknc1s.mp4,.mp4,Images/1nknc1s.mp4 | RedGiphys/1nknc1s.mp4 | Gifs/1nknc1s.mp4 | Videos/1nknc1s.mp4,True,exact,RedGiphys,RedGiphys/1nknc1s.mp4,.mp4,True,exact_match
1nkrupt.mp4,.mp4,Images/1nkrupt.mp4 | RedGiphys/1nkrupt.mp4 | Gifs/1nkrupt.mp4 | Videos/1nkrupt.mp4,True,exact,RedGiphys,RedGiphys/1nkrupt.mp4,.mp4,True,exact_match
1nozcmf.mp4,.mp4,Images/1nozcmf.mp4 | RedGiphys/1nozcmf.mp4 | Gifs/1nozcmf.mp4 | Videos/1nozcmf.mp4,True,exact,RedGiphys,RedGiphys/1nozcmf.mp4,.mp4,True,exact_match
1np3hh9.mp4,.mp4,Images/1np3hh9.mp4 | RedGiphys/1np3hh9.mp4 | Gifs/1np3hh9.mp4 | Videos/1np3hh9.mp4,True,exact,RedGiphys,RedGiphys/1np3hh9.mp4,.mp4,True,exact_match
1np5ys8.mp4,.mp4,Images/1np5ys8.mp4 | RedGiphys/1np5ys8.mp4 | Gifs/1np5ys8.mp4 | Videos/1np5ys8.mp4,True,exact,RedGiphys,RedGiphys/1np5ys8.mp4,.mp4,True,exact_match
1npc969.mp4,.mp4,Images/1npc969.mp4 | RedGiphys/1npc969.mp4 | Gifs/1npc969.mp4 | Videos/1npc969.mp4,True,exact,RedGiphys,RedGiphys/1npc969.mp4,.mp4,True,exact_match
1npni6h.mp4,.mp4,Images/1npni6h.mp4 | RedGiphys/1npni6h.mp4 | Gifs/1npni6h.mp4 | Videos/1npni6h.mp4,True,exact,RedGiphys,RedGiphys/1npni6h.mp4,.mp4,True,exact_match
1npno2j.mp4,.mp4,Images/1npno2j.mp4 | RedGiphys/1npno2j.mp4 | Gifs/1npno2j.mp4 | Videos/1npno2j.mp4,True,exact,RedGiphys,RedGiphys/1npno2j.mp4,.mp4,True,exact_match
1nprlcd.mp4,.mp4,Images/1nprlcd.mp4 | RedGiphys/1nprlcd.mp4 | Gifs/1nprlcd.mp4 | Videos/1nprlcd.mp4,True,exact,RedGiphys,RedGiphys/1nprlcd.mp4,.mp4,True,exact_match
1nptdlw.mp4,.mp4,Images/1nptdlw.mp4 | RedGiphys/1nptdlw.mp4 | Gifs/1nptdlw.mp4 | Videos/1nptdlw.mp4,True,exact,RedGiphys,RedGiphys/1nptdlw.mp4,.mp4,True,exact_match
1nqf8vz.mp4,.mp4,Images/1nqf8vz.mp4 | RedGiphys/1nqf8vz.mp4 | Gifs/1nqf8vz.mp4 | Videos/1nqf8vz.mp4,True,exact,RedGiphys,RedGiphys/1nqf8vz.mp4,.mp4,True,exact_match
1nqq5wg.mp4,.mp4,Images/1nqq5wg.mp4 | RedGiphys/1nqq5wg.mp4 | Gifs/1nqq5wg.mp4 | Videos/1nqq5wg.mp4,True,exact,RedGiphys,RedGiphys/1nqq5wg.mp4,.mp4,True,exact_match
1nvskn2.mp4,.mp4,Images/1nvskn2.mp4 | RedGiphys/1nvskn2.mp4 | Gifs/1nvskn2.mp4 | Videos/1nvskn2.mp4,True,exact,RedGiphys,RedGiphys/1nvskn2.mp4,.mp4,True,exact_match
1nw9b5w.mp4,.mp4,Images/1nw9b5w.mp4 | RedGiphys/1nw9b5w.mp4 | Gifs/1nw9b5w.mp4 | Videos/1nw9b5w.mp4,True,exact,RedGiphys,RedGiphys/1nw9b5w.mp4,.mp4,True,exact_match
1nx1jw4.mp4,.mp4,Images/1nx1jw4.mp4 | RedGiphys/1nx1jw4.mp4 | Gifs/1nx1jw4.mp4 | Videos/1nx1jw4.mp4,True,exact,RedGiphys,RedGiphys/1nx1jw4.mp4,.mp4,True,exact_match
1ny8334.mp4,.mp4,Images/1ny8334.mp4 | RedGiphys/1ny8334.mp4 | Gifs/1ny8334.mp4 | Videos/1ny8334.mp4,True,exact,RedGiphys,RedGiphys/1ny8334.mp4,.mp4,True,exact_match
1nykfs5.mp4,.mp4,Images/1nykfs5.mp4 | RedGiphys/1nykfs5.mp4 | Gifs/1nykfs5.mp4 | Videos/1nykfs5.mp4,True,exact,RedGiphys,RedGiphys/1nykfs5.mp4,.mp4,True,exact_match
1nzsib2.mp4,.mp4,Images/1nzsib2.mp4 | RedGiphys/1nzsib2.mp4 | Gifs/1nzsib2.mp4 | Videos/1nzsib2.mp4,True,exact,RedGiphys,RedGiphys/1nzsib2.mp4,.mp4,True,exact_match
1o04l2k.mp4,.mp4,Images/1o04l2k.mp4 | RedGiphys/1o04l2k.mp4 | Gifs/1o04l2k.mp4 | Videos/1o04l2k.mp4,True,exact,RedGiphys,RedGiphys/1o04l2k.mp4,.mp4,True,exact_match
1o10yfk.mp4,.mp4,Images/1o10yfk.mp4 | RedGiphys/1o10yfk.mp4 | Gifs/1o10yfk.mp4 | Videos/1o10yfk.mp4,True,exact,RedGiphys,RedGiphys/1o10yfk.mp4,.mp4,True,exact_match
zl69uo.mp4,.mp4,Images/zl69uo.mp4 | RedGiphys/zl69uo.mp4 | Gifs/zl69uo.mp4 | Videos/zl69uo.mp4,True,exact,RedGiphys,RedGiphys/zl69uo.mp4,.mp4,True,exact_match
