post_url,external_url,title,domain
https://www.reddit.com/r/u_Environmental_Sail68/comments/11nfo8t/jackandjill_peachiikitten_lilykawaii_dirtydallas1,https://www.reddit.com/r/u_Environmental_Sail68/comments/11nfo8t/jackandjill_peachiikitten_lilykawaii_dirtydallas1/,"JackandJill, PeachiiKitten, LilyKawaii, dirtydallas1",/r/u_environmental_sail68/comments/11nfo8t/jackandjill_peachiikitten_lilykawaii_dirtydallas1/
https://www.reddit.com/r/SluttyConfessions/comments/tfucs4/how_i_f18_went_from_innocent_college_virgin_to,https://www.reddit.com/r/SluttyConfessions/comments/tfucs4/how_i_f18_went_from_innocent_college_virgin_to/,How I (f18) went from innocent college virgin to sex loving freak; Part 4: Learning New Tricks,self.sluttyconfessions
https://www.reddit.com/r/SluttyConfessions/comments/tex5xg/how_i_f18_went_from_innocent_college_virgin_to,https://www.reddit.com/r/SluttyConfessions/comments/tex5xg/how_i_f18_went_from_innocent_college_virgin_to/,How I (f18) went from innocent college virgin to sex loving freak; Part 3: My first taste,self.sluttyconfessions
https://www.reddit.com/r/SluttyConfessions/comments/tc0kxn/how_i_f18_went_from_innocent_college_virgin_to,https://www.reddit.com/r/SluttyConfessions/comments/tc0kxn/how_i_f18_went_from_innocent_college_virgin_to/,How I (f18) went from innocent college virgin to sex loving freak; Part 2: Seeing it all,self.sluttyconfessions
https://www.reddit.com/r/SluttyConfessions/comments/tbxv2a/how_i_f18_went_from_innocent_college_virgin_to,https://www.reddit.com/r/SluttyConfessions/comments/tbxv2a/how_i_f18_went_from_innocent_college_virgin_to/,How I (f18) went from innocent college virgin to sex loving freak; Part 1: Peeping on a friend,self.sluttyconfessions
https://www.reddit.com/r/SluttyConfessions/comments/tfmh7h/i_gave_a_much_younger_coworker_head_in_the,https://www.reddit.com/r/SluttyConfessions/comments/tfmh7h/i_gave_a_much_younger_coworker_head_in_the/,I gave a much younger coworker head in the parking lot,self.sluttyconfessions
https://www.reddit.com/r/SluttyConfessions/comments/nljzbf/f19_i_just_agreed_to_be_free_use_for_a_house_of_6,https://www.reddit.com/r/SluttyConfessions/comments/nljzbf/f19_i_just_agreed_to_be_free_use_for_a_house_of_6/,[F19] I just agreed to be free use for a house of 6 rugby guys if they pay for my rent when I live with them next year,self.sluttyconfessions
https://www.reddit.com/r/SluttyConfessions/comments/n15k5n/my_exwife_blows_me_more_now_that_we_are_divorced,https://www.reddit.com/r/SluttyConfessions/comments/n15k5n/my_exwife_blows_me_more_now_that_we_are_divorced/,My Ex-wife blows me more now that we are divorced!,self.sluttyconfessions
https://www.reddit.com/r/SluttyConfessions/comments/t4at3m/when_i_was_in_high_school_i_f18_got_gangbanged_by,https://www.reddit.com/r/SluttyConfessions/comments/t4at3m/when_i_was_in_high_school_i_f18_got_gangbanged_by/,"When I was in high school, I [F18] got gangbanged by a group of college housemates after a football game",self.sluttyconfessions
https://www.reddit.com/r/SluttyConfessions/comments/slq7tx/i_24f_had_an_unprotected_gangbang_last_month,https://www.reddit.com/r/SluttyConfessions/comments/slq7tx/i_24f_had_an_unprotected_gangbang_last_month/,I [24F] Had An Unprotected Gangbang Last Month,self.sluttyconfessions
https://www.reddit.com/r/SluttyConfessions/comments/tf5sts/i_f25_woke_up_to_him_m25_using_me_as_his_comfort,https://www.reddit.com/r/SluttyConfessions/comments/tf5sts/i_f25_woke_up_to_him_m25_using_me_as_his_comfort/,I (F25) woke up to him (M25) using me as his comfort whore,self.sluttyconfessions
https://www.reddit.com/r/RealGirls/comments/i0kmfd/quarantine_has_forced_me_to_get_creative,https://www.redgifs.com/watch/gorgeousfrightenedcarpenterant,Quarantine has forced me to get creative...,redgifs.com
https://www.reddit.com/r/SluttyConfessions/comments/nlaj7k/i_25f_turned_my_friend_24f_into_an_absolute_cock,https://www.reddit.com/r/SluttyConfessions/comments/nlaj7k/i_25f_turned_my_friend_24f_into_an_absolute_cock/,I (25F) turned my friend (24F) into an absolute cock worshipping cum slut with the help from my boyfriend (28M),self.sluttyconfessions
https://www.reddit.com/r/SluttyConfessions/comments/fu8o1h/a_guy_20m_from_work_found_my_19f_nsfw_reddit,https://www.reddit.com/r/SluttyConfessions/comments/fu8o1h/a_guy_20m_from_work_found_my_19f_nsfw_reddit/,A guy [20m] from work found my [19f] nsfw reddit,self.sluttyconfessions
https://www.reddit.com/r/SluttyConfessions/comments/nj1k7v/33f_even_if_a_guy_im_having_sex_with_is_small_i,https://www.reddit.com/r/SluttyConfessions/comments/nj1k7v/33f_even_if_a_guy_im_having_sex_with_is_small_i/,"33f - Even if a guy I'm having sex with is small I moan, ""you're so big for me"" - because it usually had this weird effect where the guy gets more confidence in his thrusting during penetration and it feels better.",self.sluttyconfessions
https://www.reddit.com/r/SluttyConfessions/comments/mpca6j/as_a_female_kindergarten_teacher_f_23_i_get,https://www.reddit.com/r/SluttyConfessions/comments/mpca6j/as_a_female_kindergarten_teacher_f_23_i_get/,"As a female kindergarten teacher (F 23), I get turned on when the dads or other teachers flirt/ check me out",self.sluttyconfessions
https://www.reddit.com/r/SluttyConfessions/comments/t45lv0/f_22_deepthroated_at_a_rave,https://www.reddit.com/r/SluttyConfessions/comments/t45lv0/f_22_deepthroated_at_a_rave/,[F] 22 deepthroated at a rave,self.sluttyconfessions
https://www.reddit.com/r/sexstories/comments/tczvf9/f_35_i_am_a_policewoman_this_is_the_story_about,https://www.reddit.com/r/sexstories/comments/tczvf9/f_35_i_am_a_policewoman_this_is_the_story_about/,F 35. I am a policewoman. This is the story about how I turned into the department slut.,self.sexstories
https://www.reddit.com/r/SluttyConfessions/comments/tck7ff/my_life_as_a_free_use_girlfriend_did_we_go_too_far,https://www.reddit.com/r/SluttyConfessions/comments/tck7ff/my_life_as_a_free_use_girlfriend_did_we_go_too_far/,"My life as a “free use” girlfriend, did we go too far?",self.sluttyconfessions
https://www.reddit.com/r/gonewildstories/comments/oawmq9/i_curtsy_to_the_men_that_ive_fucked_mf,https://www.reddit.com/r/gonewildstories/comments/oawmq9/i_curtsy_to_the_men_that_ive_fucked_mf/,I Curtsy to the Men that I've fucked [MF],self.gonewildstories
https://www.reddit.com/r/SluttyConfessions/comments/ldhs58/25f_i_gave_my_boyfriend_permission_to_order_me,https://www.reddit.com/r/SluttyConfessions/comments/ldhs58/25f_i_gave_my_boyfriend_permission_to_order_me/,"[25F] I gave my boyfriend permission to order me give him a blowjob once a week, and he used it to win an argument",self.sluttyconfessions
https://www.reddit.com/r/SluttyConfessions/comments/krv16d/25f_boyfriend_won_a_bet_so_i_have_to_service_him,https://www.reddit.com/r/SluttyConfessions/comments/krv16d/25f_boyfriend_won_a_bet_so_i_have_to_service_him/,"[25F] Boyfriend won a bet, so I have to ""service"" him whenever he wants for a month",self.sluttyconfessions
https://www.reddit.com/r/SluttyConfessions/comments/t4dsm5/f25_my_ex_makes_me_suck_him_whenever_i_apologize,https://www.reddit.com/r/SluttyConfessions/comments/t4dsm5/f25_my_ex_makes_me_suck_him_whenever_i_apologize/,[F25] My ex makes me suck him whenever I apologize,self.sluttyconfessions
https://www.reddit.com/r/SluttyConfessions/comments/t7prc8/i_just_fucked_the_thickest_cock_ive_ever_seen,https://www.reddit.com/r/SluttyConfessions/comments/t7prc8/i_just_fucked_the_thickest_cock_ive_ever_seen/,I just fucked the thickest cock I've ever seen,self.sluttyconfessions
https://www.reddit.com/r/SluttyConfessions/comments/szlm3g/i_30f_fucked_a_guy_from_tinder_that_my_fwb_picked,https://www.reddit.com/r/SluttyConfessions/comments/szlm3g/i_30f_fucked_a_guy_from_tinder_that_my_fwb_picked/,I (30F) fucked a guy from Tinder that my FWB picked out for me.,self.sluttyconfessions
https://www.reddit.com/r/SluttyConfessions/comments/svjhir/28f_in_a_relationship_i_got_finger_fucked_in_a,https://www.reddit.com/r/SluttyConfessions/comments/svjhir/28f_in_a_relationship_i_got_finger_fucked_in_a/,28F in a relationship. I got finger fucked in a car today by a guy I met on tinder while my bf recorded us.,self.sluttyconfessions
https://www.reddit.com/r/SluttyConfessions/comments/svbc4y/28_f_in_a_relationship_part_2_of_how_i_became_a,https://www.reddit.com/r/SluttyConfessions/comments/svbc4y/28_f_in_a_relationship_part_2_of_how_i_became_a/,28 F in a relationship. Part 2 of how I became a collateral fuck slut.,self.sluttyconfessions
https://www.reddit.com/r/SluttyConfessions/comments/sv5dn8/28_f_in_a_relationship_i_became_a_collateral_fuck,https://www.reddit.com/r/SluttyConfessions/comments/sv5dn8/28_f_in_a_relationship_i_became_a_collateral_fuck/,28 F in a relationship. I became a collateral fuck slut to pay back my debt.,self.sluttyconfessions
https://www.reddit.com/r/SluttyConfessions/comments/swn777/i_f23_gave_my_brotherfianc%C3%A9_m21_and_girlfriend,https://www.reddit.com/r/SluttyConfessions/comments/swn777/i_f23_gave_my_brotherfiancé_m21_and_girlfriend/,I (F23) gave my brother/fiancé (M21) and girlfriend (F23) a surprise when they got home from work on Valentine’s Day,self.sluttyconfessions
https://www.reddit.com/r/SluttyConfessions/comments/swsx9p/i_fucked_a_stranger_in_the_bathroom_while_on_a,https://www.reddit.com/r/SluttyConfessions/comments/swsx9p/i_fucked_a_stranger_in_the_bathroom_while_on_a/,I fucked a stranger in the bathroom while on a date with my husband,self.sluttyconfessions
https://www.reddit.com/r/SluttyConfessions/comments/swrxra/i_38f_love_feeling_cum_ooze_out_of_my_pussy,https://www.reddit.com/r/SluttyConfessions/comments/swrxra/i_38f_love_feeling_cum_ooze_out_of_my_pussy/,I (38F) love feeling cum ooze out of my pussy,self.sluttyconfessions
https://www.reddit.com/r/SluttyConfessions/comments/swk8fp/a_night_of_firsts_my_valentine_gave_me_multiple,https://www.reddit.com/r/SluttyConfessions/comments/swk8fp/a_night_of_firsts_my_valentine_gave_me_multiple/,A night of firsts. My valentine gave me multiple orgasms [F20],self.sluttyconfessions
https://www.reddit.com/r/SluttyConfessions/comments/sw8vcg/joining_bathrooms_in_mountain_cabin_caught_me_out,https://www.reddit.com/r/SluttyConfessions/comments/sw8vcg/joining_bathrooms_in_mountain_cabin_caught_me_out/,Joining bathrooms in mountain cabin caught me out,self.sluttyconfessions
https://www.reddit.com/r/SluttyConfessions/comments/sw6az0/masturbating_while_listening_to_hubby_fuck,https://www.reddit.com/r/SluttyConfessions/comments/sw6az0/masturbating_while_listening_to_hubby_fuck/,Masturbating while listening to hubby fuck another on the phone,self.sluttyconfessions
https://www.reddit.com/r/SluttyConfessions/comments/lbjagu/my_19f_boyfriend_21m_has_turned_me_into_his_cum,https://www.reddit.com/r/SluttyConfessions/comments/lbjagu/my_19f_boyfriend_21m_has_turned_me_into_his_cum/,My [19F) boyfriend (21M) has turned me into his cum dump,self.sluttyconfessions
https://www.reddit.com/r/SluttyConfessions/comments/srk9za/24f_admitted_i_was_free_use_at_a_party,https://www.reddit.com/r/SluttyConfessions/comments/srk9za/24f_admitted_i_was_free_use_at_a_party/,24F Admitted I was free use at a party,self.sluttyconfessions
https://www.reddit.com/r/SluttyConfessions/comments/sqtcdw/27f_my_fianc%C3%A9_let_one_of_his_friends_use_and,https://www.reddit.com/r/SluttyConfessions/comments/sqtcdw/27f_my_fiancé_let_one_of_his_friends_use_and/,(27f) My fiancé let one of his friends use and abuse my body. His friend fucked me better than my fiancé ever did.,self.sluttyconfessions
https://www.reddit.com/r/SluttyConfessions/comments/sqsove/i_26f_blew_my_personal_trainer_28m_this_morning,https://www.reddit.com/r/SluttyConfessions/comments/sqsove/i_26f_blew_my_personal_trainer_28m_this_morning/,I (26F) blew my personal trainer (28M) this morning,self.sluttyconfessions
https://www.reddit.com/r/EroticHypnosis/comments/lguhr2/boyfriend_has_forced_fetish_fetish,https://www.reddit.com/r/EroticHypnosis/comments/lguhr2/boyfriend_has_forced_fetish_fetish/,Boyfriend has “forced fetish” fetish,self.erotichypnosis
https://www.reddit.com/r/stupidslutsclub/comments/sk8q7n/my_first_orgy,https://www.reddit.com/r/stupidslutsclub/comments/sk8q7n/my_first_orgy/,My First Orgy,self.stupidslutsclub
https://www.reddit.com/r/gonewildstories/comments/3f3vm0/turning_my_gf_into_a_slut,https://www.reddit.com/r/gonewildstories/comments/3f3vm0/turning_my_gf_into_a_slut/,Turning My GF Into A Slut,self.gonewildstories
https://www.reddit.com/r/SluttyConfessions/comments/fo2dbw/how_i_turned_my_girlfriend_into_a_slut,https://www.reddit.com/r/SluttyConfessions/comments/fo2dbw/how_i_turned_my_girlfriend_into_a_slut/,How I turned my girlfriend into a slut.,self.sluttyconfessions
https://www.reddit.com/r/SluttyConfessions/comments/spycns/i_didnt_give_my_coworker_a_choice,https://www.reddit.com/r/SluttyConfessions/comments/spycns/i_didnt_give_my_coworker_a_choice/,I didn't give my coworker a choice,self.sluttyconfessions
https://www.reddit.com/r/SluttyConfessions/comments/sj9l2s/heres_the_story_of_the_hottest_encounter_i_36m,https://www.reddit.com/r/SluttyConfessions/comments/sj9l2s/heres_the_story_of_the_hottest_encounter_i_36m/,Here's the story of the hottest encounter I (36m) have ever had.,self.sluttyconfessions
https://www.reddit.com/r/SluttyConfessions/comments/sj7zyi/late_30s_group_nj_the_first_time_my_wifes_friend,https://www.reddit.com/r/SluttyConfessions/comments/sj7zyi/late_30s_group_nj_the_first_time_my_wifes_friend/,Late 30s [Group] NJ - The first time my wife’s friend and I fucked alone,self.sluttyconfessions
https://www.reddit.com/r/SluttyConfessions/comments/p6kar1/i_25f_fucked_a_groom_on_a_bachelor_party_pt_2,https://www.reddit.com/r/SluttyConfessions/comments/p6kar1/i_25f_fucked_a_groom_on_a_bachelor_party_pt_2/,I [25f] fucked a groom on a bachelor party pt. 2,self.sluttyconfessions
https://www.reddit.com/r/SluttyConfessions/comments/p6dlm7/i_25f_fucked_a_groom_on_his_bachelor_party,https://www.reddit.com/r/SluttyConfessions/comments/p6dlm7/i_25f_fucked_a_groom_on_his_bachelor_party/,I [25f] fucked a groom on his bachelor party.,self.sluttyconfessions
https://www.reddit.com/r/dirtypenpals/comments/l7p04z/f4a_an_ancient_and_mythical_lewd_world_that_we,https://www.reddit.com/r/dirtypenpals/comments/l7p04z/f4a_an_ancient_and_mythical_lewd_world_that_we/,F4A - An ancient and mythical lewd world! That we write and explorer together.,self.dirtypenpals
https://www.reddit.com/r/stupidslutsclub/comments/slouk0/multiple_guys_came_in_me_f_at_our_office_party,https://www.reddit.com/r/stupidslutsclub/comments/slouk0/multiple_guys_came_in_me_f_at_our_office_party/,Multiple guys came in me (f) at our office party,self.stupidslutsclub
https://www.reddit.com/r/SluttyConfessions/comments/soxjre/after_five_years_of_marriage_i_finally_let_my,https://www.reddit.com/r/SluttyConfessions/comments/soxjre/after_five_years_of_marriage_i_finally_let_my/,"After five years of marriage, I finally let my husband fuck my face",self.sluttyconfessions
https://www.reddit.com/r/stupidslutsclub/comments/9h3gd1/for_four_years_i_was_a_stupid_slut_in_the_us_army,https://www.reddit.com/r/stupidslutsclub/comments/9h3gd1/for_four_years_i_was_a_stupid_slut_in_the_us_army/,[F]or four years I was a stupid slut in the U.S. Army.,self.stupidslutsclub
https://www.reddit.com/r/stupidslutsclub/comments/9hm0ma/continued_for_four_years_i_was_a_stupid_slut_in,https://www.reddit.com/r/stupidslutsclub/comments/9hm0ma/continued_for_four_years_i_was_a_stupid_slut_in/,Continued- [F]or four years I was a stupid slut in the U.S. Army.,self.stupidslutsclub
https://www.reddit.com/r/SluttyConfessions/comments/sa81xy/f20_in_vegas_for_a_bachelor_party_to_provide_the,https://www.reddit.com/r/SluttyConfessions/comments/sa81xy/f20_in_vegas_for_a_bachelor_party_to_provide_the/,"(F20) In Vegas for a bachelor party to provide the ""entertainment""",self.sluttyconfessions
https://www.reddit.com/r/gonewildstories/comments/sdg3en/f_had_a_wild_time_at_the_bachelor_party_in_vegas,https://www.reddit.com/r/gonewildstories/comments/sdg3en/f_had_a_wild_time_at_the_bachelor_party_in_vegas/,[F] Had a wild time at the Bachelor party in Vegas Pt.3,self.gonewildstories
https://www.reddit.com/r/gonewildstories/comments/sbul85/f_had_a_wild_time_at_the_bachelor_party_in_vegas,https://www.reddit.com/r/gonewildstories/comments/sbul85/f_had_a_wild_time_at_the_bachelor_party_in_vegas/,[F] Had a wild time at the Bachelor party in Vegas Pt.2,self.gonewildstories
https://www.reddit.com/r/gonewildstories/comments/sb2ta1/f_had_a_wild_time_at_the_bachelor_party_in_vegas,https://www.reddit.com/r/gonewildstories/comments/sb2ta1/f_had_a_wild_time_at_the_bachelor_party_in_vegas/,[F] Had a wild time at the Bachelor party in Vegas Pt.1,self.gonewildstories
https://www.reddit.com/r/SluttyConfessions/comments/se57aa/f20_had_a_wild_time_at_the_bachelor_party_in,https://www.reddit.com/r/SluttyConfessions/comments/se57aa/f20_had_a_wild_time_at_the_bachelor_party_in/,(F20) Had a wild time at the Bachelor party in Vegas Pt.1,self.sluttyconfessions
https://www.reddit.com/r/SluttyConfessions/comments/jzqcya/i_25f_gifted_my_best_friend_22f_a_dildo_in_the,https://www.reddit.com/r/SluttyConfessions/comments/jzqcya/i_25f_gifted_my_best_friend_22f_a_dildo_in_the/,i (25/f) gifted my best friend (22/f) a dildo in the mold of her brothers (my boyfriend) dick...,self.sluttyconfessions
https://www.reddit.com/r/SluttyConfessions/comments/r8jxwb/i_f22_was_gangbanged_for_my_birthday,https://www.reddit.com/r/SluttyConfessions/comments/r8jxwb/i_f22_was_gangbanged_for_my_birthday/,I [f22] was gangbanged for my birthday,self.sluttyconfessions
https://www.reddit.com/r/gonewildstories/comments/4ogo37/college_party_first_time_19f_on_my_knees_surprise,https://www.reddit.com/r/gonewildstories/comments/4ogo37/college_party_first_time_19f_on_my_knees_surprise/,College party. First time (19f) on my knees Surprise ending!,self.gonewildstories
https://www.reddit.com/r/gonewildstories/comments/4fdbr4/the_most_common_questions_people_ask_me_28f_about,https://www.reddit.com/r/gonewildstories/comments/4fdbr4/the_most_common_questions_people_ask_me_28f_about/,The most common questions people ask me [28F] about my private Vegas sex club experience.,self.gonewildstories
https://www.reddit.com/r/gonewildstories/comments/3pdu3i/fwb_came_in_my_butt_f_just_hours_before_first,https://www.reddit.com/r/gonewildstories/comments/3pdu3i/fwb_came_in_my_butt_f_just_hours_before_first/,FWB came in my butt [F] just hours before first time I had sex with my boyfriend.,self.gonewildstories
https://www.reddit.com/r/NSFWIAMA/comments/hmjq5s/ive_participated_in_over_10_paid_gang_bangs_for,https://www.reddit.com/r/NSFWIAMA/comments/hmjq5s/ive_participated_in_over_10_paid_gang_bangs_for/,I've participated in over 10 paid gang bangs for money while rich people paid to watch. AMA or ask my boyfriend anything.,self.nsfwiama
https://www.reddit.com/r/NSFWIAMA/comments/bwi9m2/my_evolution_from_doing_paid_gang_bangs_to_a,https://www.reddit.com/r/NSFWIAMA/comments/bwi9m2/my_evolution_from_doing_paid_gang_bangs_to_a/,My evolution from doing paid gang bangs to a steady relationship and job as a Physician Assistant,self.nsfwiama
https://www.reddit.com/r/NSFWIAMA/comments/7mo598/i_did_paid_gang_bangs_to_get_out_of_debt_and_pay,https://www.reddit.com/r/NSFWIAMA/comments/7mo598/i_did_paid_gang_bangs_to_get_out_of_debt_and_pay/,I did paid gang bangs to get out of debt and pay my way through medical school. AMA,self.nsfwiama
https://www.reddit.com/r/gonewildstories/comments/7mjo4d/i_put_myself_through_med_school_doing_gang_bangs,https://www.reddit.com/r/gonewildstories/comments/7mjo4d/i_put_myself_through_med_school_doing_gang_bangs/,I put myself through med school doing gang bangs for money. [Group],self.gonewildstories
https://www.reddit.com/r/gonewildstories/comments/44y6v2/i_28f_returned_to_a_vegas_sex_club_to_have_sex,https://www.reddit.com/r/gonewildstories/comments/44y6v2/i_28f_returned_to_a_vegas_sex_club_to_have_sex/,I [28F} returned to a Vegas sex club to have sex with 4 hot guys in front of an audience.,self.gonewildstories
https://www.reddit.com/r/sex/comments/irhty/my_experiences_and_tips_for_face_fucking_and_the,https://www.reddit.com/r/sex/comments/irhty/my_experiences_and_tips_for_face_fucking_and_the/,My experiences and tips for face fucking and the question of puke.,self.sex
https://www.reddit.com/r/TopsAndBottoms/comments/p0nu3z/preparing_my_hole_for_a_gangbang,https://www.reddit.com/r/TopsAndBottoms/comments/p0nu3z/preparing_my_hole_for_a_gangbang/,Preparing my hole for a gangbang.,self.topsandbottoms
https://www.reddit.com/r/AskReddit/comments/87w59r/whats_the_best_sexual_experience_youve_ever_had,https://www.reddit.com/r/AskReddit/comments/87w59r/whats_the_best_sexual_experience_youve_ever_had/,What’s the best sexual experience you’ve ever had?,self.askreddit
https://www.reddit.com/r/stupidslutsclub/comments/6yvo25/whats_a_girl_to_do_a_day_before_her_first_gang,https://www.reddit.com/r/stupidslutsclub/comments/6yvo25/whats_a_girl_to_do_a_day_before_her_first_gang/,What's a girl to do a day before her first gang bang?,self.stupidslutsclub
https://www.reddit.com/r/gonewildstories/comments/ahygvt/what_i_learned_from_being_gangbanged_group,https://www.reddit.com/r/gonewildstories/comments/ahygvt/what_i_learned_from_being_gangbanged_group/,What I learned from being Gangbanged [Group],self.gonewildstories
