1,https://www.reddit.com/r/u_AellaGirl/comments/18xrgaq/the_marketplace_of_sex_acts_what_women_want_vs,18xrgaq
2,https://www.reddit.com/r/HentaiBullying/comments/1i43afx/being_bullied_for_a_small_dick_should_be,1i43afx
3,https://www.reddit.com/r/cumsluts/comments/1jhglir/swallowed,1jhglir
4,https://www.reddit.com/r/FemaleInferiorityCap/comments/1ij6e3j/generation_free_use,1ij6e3j
5,https://www.reddit.com/r/cumsluts/comments/1jk9ar5/the_rules_on_cheating,1jk9ar5
6,https://www.reddit.com/r/FuckingFascists/comments/1893to5/fascist_indoctrination_through_subtle_propaganda,1893to5
7,https://www.reddit.com/r/FuckingFascists/comments/189dr3v/im_always_looking_for_messages_from_articulate,189dr3v
8,https://www.reddit.com/r/SluttyConfessions/comments/1mj2d72/i_took_my_first_creampie_3_weeks_after_my_18th,1mj2d72
9,https://www.reddit.com/r/SluttyConfessions/comments/1m9h8xb/her_friends_are_a_little_too_comfortable,1m9h8xb
10,https://www.reddit.com/r/gonewildaudio/comments/1edq0rr/f4m_realizing_how_fun_it_is_to_push_your_gf_until,1edq0rr
11,https://www.reddit.com/r/SluttyConfessions/comments/1lznjgk/friends_daughter_f18,1lznjgk
12,https://www.reddit.com/r/SluttyConfessions/comments/1lyk291/f39_i_rent_an_apartment_to_a_group_of_boys_and_im,1lyk291
13,https://www.reddit.com/r/SluttyConfessions/comments/1lvbo9o/18f_got_assfucked_by_my_bestfriends_while_high,1lvbo9o
14,https://www.reddit.com/r/NSFWIAMA/comments/1kikplc/i_39m_am_a_digital_forensic_analyst_who_has_seen,1kikplc
15,https://www.reddit.com/r/gonewildaudio/comments/lug6u5/f4a_watch_me_voyeurism_masturbation_undress_for,lug6u5
16,https://www.reddit.com/r/Rapekink/comments/1kg1uki/whats_the_deal_with_anal,1kg1uki
17,https://www.reddit.com/r/dirtypenpals/comments/1kepmea/f4m_the_sex_offender_registry_makes_for_a,1kepmea
18,https://www.reddit.com/r/Tentai/comments/1h2lfbh/pussy_cat_non_oc,1h2lfbh
19,https://www.reddit.com/r/gonewildaudio/comments/1dw4qtq/f4a_f4m_encouraging_joi_fapalong_response,1dw4qtq
20,https://www.reddit.com/r/gonewildaudio/comments/nnnze0/f4m_stroke_your_cock_and_ill_make_you_cum_joi,nnnze0
21,https://www.reddit.com/r/gonewildaudio/comments/zatf94/fffffffffffffffff4m_the_yearbook_pick_your_uni,zatf94
22,https://www.reddit.com/r/TheyCallMeMissBlue/comments/lerwpo/f4m_party_slut_to_the_rescue_slut_next_doornoise,lerwpo
23,https://www.reddit.com/r/EdgeTogether/comments/1ejofhk/28f_follow_my_joiif_you_survive_this_one_idk_what,1ejofhk
24,https://www.reddit.com/r/gonewildaudio/comments/vltmla/f4m_instructing_you_to_jerk_off_to_a_girls,vltmla
25,https://www.reddit.com/r/AskRedditAfterDark/comments/js4v6m/how_can_i_deep_throat_a_member_that_is_unusually,js4v6m
26,https://www.reddit.com/r/sexstories/comments/1j6f7ft/cum_competition_fffmmm,1j6f7ft
27,https://www.reddit.com/r/Rapekink/comments/1j4w59d/city_rape_bait_hijinks,1j4w59d
28,https://www.reddit.com/r/Rapekink/comments/1ir6m9d/raped_by_every_single_male_friend_of_mine,1ir6m9d
29,https://www.reddit.com/r/Rapekink/comments/1ib4y8d/my_online_dom_hypnod_me_into_servitude_and_i,1ib4y8d
30,https://www.reddit.com/r/AskReddit/comments/1sye7m/people_who_have_joined_the_mile_high_club_how_did,1sye7m
31,https://www.reddit.com/r/sex/comments/b11bh/so_how_many_men_can_do_the_multiejaculation_thing,b11bh
32,https://www.reddit.com/r/AngionMethod/comments/fsi1vc/beginners_section,fsi1vc
33,https://www.reddit.com/r/BDSMAdvice/comments/10o7ldq/new_to_facefucking_and_need_aftercare,10o7ldq
34,https://www.reddit.com/r/SluttyConfessions/comments/1cvtfwn/i_trained_my_ex_gf_to_love_anal,1cvtfwn
35,https://www.reddit.com/r/SluttyConfessions/comments/vcdba8/20f_tale_from_my_time_as_a_free_use_slut,vcdba8
36,https://www.reddit.com/r/SluttyConfessions/comments/1cyub0s/i_gifted_my_husband_a_freeuse_sex_coupon_here_is,1cyub0s
37,https://www.reddit.com/r/NSFWIAMA/comments/1hi7r8l/29m_previous_supervisor_for_a_big_sales_company,1hi7r8l
38,https://www.reddit.com/r/SluttyConfessions/comments/mv69di/18f_i_used_to_hate_anal_now_im_a_247_slave_and,mv69di
39,https://www.reddit.com/r/SluttyConfessions/comments/1h8ly4i/wasnt_allowed_to_say_no,1h8ly4i
40,https://www.reddit.com/r/DirtyConfession/comments/1gpu5th/i_let_my_boyfriend_have_sloppy_thirds,1gpu5th
41,https://www.reddit.com/r/SluttyConfessions/comments/1gm6ioe/i_think_i_became_a_literal_whore,1gm6ioe
42,https://www.reddit.com/r/dirtypenpals/comments/gaw5g5/f4m_anal_is_amazing_when_paired_with_a_thick_cock,gaw5g5
43,https://www.reddit.com/r/Rapekink/comments/1gf7h8j/my_boyfriend_anally_raped_me_while_i_was_sick,1gf7h8j
44,https://www.reddit.com/r/gonewildaudio/comments/14jjam1/f4mf4tf_mindless_milking_joi,14jjam1
45,https://www.reddit.com/r/gonewildaudio/comments/13m306w/fffffffffffffffffffffff4m_superhero_sluts_pick,13m306w
46,https://www.reddit.com/r/SluttyConfessions/comments/1e0qp8l/truth_or_dare_ruined_me,1e0qp8l
47,https://www.reddit.com/r/Rapekink/comments/1dzbrl6/i_cheated_on_my_boyfriend_by_rape_baiting_because,1dzbrl6
48,https://www.reddit.com/r/sexstories/comments/1dyl6sz/i_33f_didnt_know_anal_sex_could_be_so_intimate,1dyl6sz
49,https://www.reddit.com/r/TooAfraidToAsk/comments/sw14l2/how_to_prep_for_anal_for_the_first_time,sw14l2
50,https://www.reddit.com/r/u_Environmental_Sail68/comments/11nfo8t/jackandjill_peachiikitten_lilykawaii_dirtydallas1,11nfo8t
51,https://www.reddit.com/r/NSFWIAMA/comments/gq9h09/i_26f_got_fucked_in_my_ass_before_i_took_any_dick,gq9h09
52,https://www.reddit.com/r/BDSMcommunity/comments/732e6v/tips_on_preparing_for_a_gang_bang,732e6v
53,https://www.reddit.com/r/bangmybully/comments/1n7b9xt/when_you_walked_in_your_uni_washroom_you_found,1n7b9xt
54,https://www.reddit.com/r/bangmybully/comments/1n7f51s/you_left_her_alone_with_me_for_little_too_long,1n7f51s
55,https://www.reddit.com/r/bangmybully/comments/1n7hegw/a_fun_relaxing_afternoon_at_the_hotel_pool_just,1n7hegw
56,https://www.reddit.com/r/SluttyConfessions/comments/1n7w28s/18f_i_let_three_guys_fuck_me_to_prove_a_point_to,1n7w28s
57,https://www.reddit.com/r/u_ellesaurus23/comments/1n6n5r3/this_is_what_huge_dildos_do_to_me,1n6n5r3
58,https://www.reddit.com/r/bangmybully/comments/1n7u2mb/after_learning_all_three_of_your_sisters_worked,1n7u2mb
59,https://www.reddit.com/r/ABGHeavens/comments/1n7vsi7/how_tight_do_you_think_she_is,1n7vsi7
60,https://www.reddit.com/r/TooBig/comments/1midx9p/its_reaching_the_deepest,1midx9p
61,https://www.reddit.com/r/TooBig/comments/m1ge39/yo_is_she_ok,m1ge39
62,https://www.reddit.com/r/GenZNude/comments/1n5l7s4/just_turned_18_what_do_you_think_of_me,1n5l7s4
63,https://www.reddit.com/r/cumsluts/comments/1n5dcr4/my_bf_met_this_cute_blonde_at_the_casino,1n5dcr4
64,https://www.reddit.com/r/rapefantasies/comments/1n48w0q/asian_hubby_let_this_white_stranger_rape_me_in,1n48w0q
65,https://www.reddit.com/r/GOONED/comments/1ej1tco/some_new_goon_fuel_for_those_massive_meat_rods,1ej1tco
66,https://www.reddit.com/r/RuinedOrgasms/comments/1lwlehr/she_stops_as_soon_as_he_cums_and_lets_him_spray,1lwlehr
67,https://www.reddit.com/r/NSFWIAMA/comments/1n2ir6f/32f_i_was_bent_over_a_bench_and_tied_up_at_a_sex,1n2ir6f
68,https://www.reddit.com/r/sexstories/comments/1auc45k/i_f20_was_passed_around_at_a_party,1auc45k
69,https://www.reddit.com/r/BLACKEDPawgs/comments/1muui6v/twerkin_before_she_takes_his_bbc,1muui6v
70,https://www.reddit.com/r/u_AcceptableJuice8013/comments/1ip79w2/prison_officer_fucks_inmates_wandsworth_prison,1ip79w2
71,https://www.reddit.com/r/SluttyConfessions/comments/1n1kmoj/gangbanged_my_third_day_of_college,1n1kmoj
72,https://www.reddit.com/r/ABGHeavens/comments/1gyrj4r/solid_rack,1gyrj4r
73,https://www.reddit.com/r/ABGHeavens/comments/1maj7qd/naughty_abg,1maj7qd
74,https://www.reddit.com/r/AsianPorn/comments/1jtbrhm/beautiful_abg_wants_the_cameramans_cock_while,1jtbrhm
75,https://www.reddit.com/r/Asian_Creampies/comments/1bhl6g0/abg_creampied_backseat_fuck,1bhl6g0
76,https://www.reddit.com/r/tipofmypenis/comments/1lwdqfx/who_is_this_abg_getting_fucked_on_the_beach,1lwdqfx
77,https://www.reddit.com/r/pornrelapsed/comments/1iv7aaw/day_5_of_being_teased_by_abgs_im_breaking,1iv7aaw
78,https://www.reddit.com/r/Koreanhottiesreal/comments/1j0gjeo/korean_abg,1j0gjeo
79,https://www.reddit.com/r/biosuits/comments/1n0mqw3/adventures_make_the_best_toys,1n0mqw3
80,https://www.reddit.com/r/RoughPorn/comments/1mznjve/they_use_her_like_a_toy,1mznjve
81,https://www.reddit.com/r/BNWOCuckold/comments/1mwc4fy/wish_i_could_have_a_gf_that_supports_bnwo,1mwc4fy
82,https://www.reddit.com/r/notgayatall/comments/1mx3cce/bro_its_only_gay_if_i_cant_swallow_it_all,1mx3cce
83,https://www.reddit.com/r/notgayatall/comments/1mxdkv0/no_hands_means_not_gay_dude,1mxdkv0
84,https://www.reddit.com/r/bangmybully/comments/1mzwrt7/need_my_bully_to_fuck_my_girls_face,1mzwrt7
85,https://www.reddit.com/r/bangmybully/comments/1mz2827/daughter_troubles,1mz2827
86,https://www.reddit.com/r/rapefantasies/comments/1mxhnof/used_as_a_party_hole_at_friends_party_where_20,1mxhnof
87,https://www.reddit.com/r/bangmybully/comments/1mxf1t2/my_bully_bicep_curled_my_small_gf_and_got_her,1mxf1t2
88,https://www.reddit.com/r/u_bugortheletter/comments/1mwwh5p/i_absolutely_love_the_feeling_of_being_used_like,1mwwh5p
89,https://www.reddit.com/r/IWantToBeHerHentai2/comments/1mwxr39/boyfriend_started_my_stream_without_me_knowing,1mwxr39
90,https://www.reddit.com/r/cumsluts/comments/1mwxtpy/doesnt_get_any_hotter,1mwxtpy
91,https://www.reddit.com/r/u_ellesaurus23/comments/1mwnd04/should_i_ride_it_both_in_my_pussy_or_ill_bounce,1mwnd04
92,https://www.reddit.com/r/NSFW_Plowcam/comments/1mv1xfk/wait_your_turn,1mv1xfk
93,https://www.reddit.com/r/bangmybully/comments/1mvuakk/your_bully_teacher_impregnates_your_slutty,1mvuakk
94,https://www.reddit.com/r/bangmybully/comments/1mvpxfo/its_not_cheating_if_she_doesnt_move_right,1mvpxfo
95,https://www.reddit.com/r/cumsluts/comments/1mvo2qc/when_she_doesnt_discriminate_between_bf_and_bestie,1mvo2qc
96,https://www.reddit.com/r/bangmybully/comments/1mt8wm8/you_should_be_thankful_to_your_gf_as_she_is,1mt8wm8
97,https://www.reddit.com/r/u_Freespirit289/comments/1mubgel/comment_your_age_and_cock_size_of_you_want_to,1mubgel
98,https://www.reddit.com/r/Rapekink/comments/1mt2rbv/my_housemate_raped_me_while_i_was_passed_out,1mt2rbv
99,https://www.reddit.com/r/HentaiBullying/comments/1msr6us/i_really_want_to_be_treated_like_this,1msr6us
100,https://www.reddit.com/r/bangmybully/comments/1mspqoc/your_wife_on_a_business_trip_with_your_work_bully,1mspqoc
101,https://www.reddit.com/r/u_ellesaurus23/comments/1msubug/the_plug_stayed_in_the_whole_time,1msubug
102,https://www.reddit.com/r/bangmybully/comments/1m5jy99/i_bullied_her_son_for_years_and_she_knows_that,1m5jy99
103,https://www.reddit.com/r/bangmybully/comments/1mlz0uq/your_bully_landlord_will_collect_the_rent_one_way,1mlz0uq
104,https://www.reddit.com/r/bangmybully/comments/1mpzs17/your_mom_is_tired_of_ur_fathers_5cm_cock_and,1mpzs17
105,https://www.reddit.com/r/IWantToBeHerHentai2/comments/1mq1mv1/bored_alone_and_at_home_wishing_portal_technology,1mq1mv1
106,https://www.reddit.com/r/AhegaoGirls/comments/1mpk0tk/gonna_make_u_explode_in_my_mouth,1mpk0tk
107,https://www.reddit.com/r/bangmybully/comments/1mpat2x/your_gf_had_gone_to_talk_to_your_bullies_it_went,1mpat2x
108,https://www.reddit.com/r/IWantToBeHerHentai2/comments/1mq69fu/oh_no_please_dont_send_that_anywhere,1mq69fu
109,https://www.reddit.com/r/Rapekink/comments/1mpy7ta/i_used_to_help_counsel_other_victims,1mpy7ta
110,https://www.reddit.com/r/AhegaoGirls/comments/1mp6bzh/2_sluts_8_holes_0_morals,1mp6bzh
111,https://www.reddit.com/r/bdsm/comments/1mmdojk/training_a_new_sub_from_the_ground_up,1mmdojk
112,https://www.reddit.com/r/sex/comments/2zakc9/question_about_edging_and_stamina,2zakc9
113,https://www.reddit.com/r/SluttyConfessions/comments/1mow10m/drawback_of_fat_ass_f_31,1mow10m
114,https://www.reddit.com/r/bdsm/comments/wa8nlw/throat_training_endurance_sir_has_added_another,wa8nlw
115,https://www.reddit.com/r/bdsm/comments/11zoadl/this_ones_broken_whos_next,11zoadl
116,https://www.reddit.com/r/SluttyConfessions/comments/u4gvnt/im_going_to_give_head_for_the_first_time_tips,u4gvnt
117,https://www.reddit.com/r/SluttyConfessions/comments/wa5qjc/ending_a_friendship,wa5qjc
118,https://www.reddit.com/r/relationship_advice/comments/aqns6h/how_do_i_25mturn_my_girlfriend_21finto_a_horny,aqns6h
119,https://www.reddit.com/r/SluttyConfessions/comments/jwihr4/f_becoming_a_sex_toy_for_strangers_i_met_on_reddit,jwihr4
120,https://www.reddit.com/r/AMA/comments/szr6gl/f24_for_5_years_ive_been_a_gangbang_girl_for_a,szr6gl
121,https://www.reddit.com/r/BDSMcommunity/comments/84pe6o/looking_for_sexual_tasks_for_my_sub_to_do_while,84pe6o
122,https://www.reddit.com/r/BDSMcommunity/comments/ah99w/ideas_for_remote_domination_for_my_slave,ah99w
123,https://www.reddit.com/r/ffmFantasy/comments/1mnk94z/we_try_to_make_sure_all_the_big_cocks_in_our,1mnk94z
124,https://www.reddit.com/r/cumsluts/comments/1mnj8x7/i_dont_think_ive_ever_seen_a_more_perfect_pair_of,1mnj8x7
125,https://www.reddit.com/r/SluttyConfessions/comments/1gtcyge/freshman_gangbang,1gtcyge
126,https://www.reddit.com/r/alasjuicy/comments/1lmj5nj/best_gangbang_stories_here,1lmj5nj
127,https://www.reddit.com/r/bdsm/comments/1mk03ze/how_to_break_a_sub,1mk03ze
128,https://www.reddit.com/r/SluttyConfessions/comments/1mnfiq8/my_wife_and_i_went_to_a_sexual_competition,1mnfiq8
129,https://www.reddit.com/r/bdsm/comments/1mmscuo/someone_knows_where_did_this_pic_come_from,1mmscuo
130,https://www.reddit.com/r/collegesluts/comments/1mli36a/my_holes_were_never_entered,1mli36a
131,https://www.reddit.com/r/cumsluts/comments/zd342d/that_smile,zd342d
132,https://www.reddit.com/r/Rapekink/comments/1mlh4fo/completely_overpowered_by_a_football_player,1mlh4fo
133,https://www.reddit.com/r/collegesluts/comments/1mjkcyt/just_a_college_girl_wanna_get_stretched_out,1mjkcyt
134,https://www.reddit.com/r/SluttyConfessions/comments/1mitlxg/my_husband_found_out_i_was_gangbanged_by_his,1mitlxg
135,https://www.reddit.com/r/MyAiGF/comments/1mio6zr/choose_your_disney_slut,1mio6zr
136,https://www.reddit.com/r/AmericanWhoreStory/comments/16zwehd/21f_and_45m_raped_by_my_professor_pt_3,16zwehd
137,https://www.reddit.com/r/rape_hentai/comments/1mg7nq4/whoever_who_say_me_next_is_gonna_be_manhandled,1mg7nq4
138,https://www.reddit.com/r/cuckoldstories2/comments/1egwpuj/my_gf_went_to_college_and_got_gangbanged,1egwpuj
139,https://www.reddit.com/r/SluttyConfessions/comments/1me31o3/bachelorette_slut_got_creampied,1me31o3
140,https://www.reddit.com/r/SluttyConfessions/comments/1mckpv1/f19_i_was_a_free_use_yacht_slut_for_a,1mckpv1
141,https://www.reddit.com/r/SluttyConfessions/comments/1mb61p7/a_big_dick_made_me_ruin_my_first_relationship,1mb61p7
142,https://www.reddit.com/r/SluttyConfessions/comments/1m8sxaf/i_brought_him_to_the_toilet_and_just_sucked_his,1m8sxaf
143,https://www.reddit.com/r/SluttyConfessions/comments/1m8oq44/i_moaned_louder_than_i_ever_have_my_first_anal,1m8oq44
144,https://www.reddit.com/r/SluttyConfessions/comments/1m8o59o/im_too_young_for_my_sluty_vibes,1m8o59o
145,https://www.reddit.com/r/DirtyConfession/comments/1m7x7bj/20f_my_roommate_was_a_nudist_and_it_turned_into,1m7x7bj
146,https://www.reddit.com/r/SluttyConfessions/comments/1m7riko/became_a_gangbang_girl_f22,1m7riko
147,https://www.reddit.com/r/SluttyConfessions/comments/1m70hcf/guys_would_drain_in_me_at_a_motel_18f,1m70hcf
148,https://www.reddit.com/r/Rapekink/comments/1m6qbff/i_was_raped_by_my_rich_friends_dad,1m6qbff
149,https://www.reddit.com/r/Rapekink/comments/1m63iq0/how_should_i_approach_a_guy_who_raped_me,1m63iq0
150,https://www.reddit.com/r/SluttyConfessions/comments/1m2vivu/my_pussy_is_a_communal_pleasure_palace_for_my,1m2vivu
151,https://www.reddit.com/r/SluttyConfessions/comments/1m30mp5/i_think_i_let_it_happen,1m30mp5
152,https://www.reddit.com/r/AsianRape/comments/1m31ojg/i_was_raped,1m31ojg
153,https://www.reddit.com/r/SluttyConfessions/comments/1m0gvbn/i_got_gangbanged_by_my_students,1m0gvbn
154,https://www.reddit.com/r/SluttyConfessions/comments/1m09joa/hijabi_muslim_18f_had_her_first_threesome,1m09joa
155,https://www.reddit.com/r/bdsm/comments/1lztuc9/he_took_out_all_his_frustration_on_that_innocent,1lztuc9
156,https://www.reddit.com/r/IWantToBeHerHentai2/comments/1lzjy07/the_aftermath_of_realising_my_friend_actually,1lzjy07
157,https://www.reddit.com/r/SantaRosaR4R/comments/1lplo1f/21f_take_a_deep_stare,1lplo1f
158,https://www.reddit.com/r/SluttyConfessions/comments/1lyq6b4/22f_gave_my_shy_buddy_a_crash_course_in_making,1lyq6b4
159,https://www.reddit.com/r/AhegaoGirls/comments/1ly9j0w/my_dadzie_saw_me_doing_ahegao_and_he_was_like_wtf,1ly9j0w
160,https://www.reddit.com/r/SluttyConfessions/comments/1ly3wf5/im_a_mobile_mechanic_and_i_let_some_customers_pay,1ly3wf5
161,https://www.reddit.com/r/SluttyConfessions/comments/1lwg7j3/ive_had_a_dildo_stuck_in_me_for_the_past_3_to_4,1lwg7j3
162,https://www.reddit.com/r/Rapekink/comments/1ltpc6n/a_guy_tricked_me_into_having_sex_at_a_house_party,1ltpc6n
163,https://www.reddit.com/r/SluttyConfessions/comments/1ltvtmw/my_gf_had_a_train_ran_on_her,1ltvtmw
164,https://www.reddit.com/r/SluttyConfessions/comments/1ltn50d/oh_shit_youre_actually_huge,1ltn50d
165,https://www.reddit.com/r/Rapekink/comments/1lqkd94/gang_raped_by_4_black_guys,1lqkd94
166,https://www.reddit.com/r/SluttyConfessions/comments/1lm0e84/19f_i_was_the_stupid_slut_getting_fucked_at_my,1lm0e84
167,https://www.reddit.com/r/dirtyr4r/comments/1llio2a/23_f4m_california_free_use_me_while_you_watch,1llio2a
168,https://www.reddit.com/r/SluttyConfessions/comments/1llg802/i_gave_my_friend_sex_advice_and_it_led_to_my,1llg802
169,https://www.reddit.com/r/SluttyConfessions/comments/1ljb5aa/f21_are_all_young_nurses_slutttts_it_seems_that,1ljb5aa
170,https://www.reddit.com/r/collegesluts/comments/1ldyi23/can_u_choose_one,1ldyi23
171,https://www.reddit.com/r/Rapekink/comments/1lc3hzk/arranged_gang_bang_rape_but_mistakes_happen,1lc3hzk
172,https://www.reddit.com/r/IWantToBeHerHentai2/comments/1lcc3wo/relax_just_calm_down_you_got_this_its_just_a,1lcc3wo
173,https://www.reddit.com/r/rape_hentai/comments/1l6v7k8/tell_me_which_one_are_you_and_lets_make_it_come,1l6v7k8
174,https://www.reddit.com/r/SluttyConfessions/comments/1l2ozyn/my_m23_tinder_date_f21_was_a_single_mom_and_total,1l2ozyn
175,https://www.reddit.com/r/IWantToBeHerHentai2/comments/1l1cqgx/oh_shit_fuck_i_didnt_wanna_send_this_to_you_fuck,1l1cqgx
176,https://www.reddit.com/r/rape_hentai/comments/1kztbyd/someone_please_do_this_to_me,1kztbyd
177,https://www.reddit.com/r/SluttyConfessions/comments/1kzl87v/the_track_team_ran_pun_intended_a_train_on_me,1kzl87v
178,https://www.reddit.com/r/traumatizedsluts2/comments/1k3c5of/lost_my_virginity_to_ex_behind_a_dumpster,1k3c5of
179,https://www.reddit.com/r/rape_hentai/comments/1kr2hez/get_this_filthy_thing_away_from_me,1kr2hez
180,https://www.reddit.com/r/SluttyConfessions/comments/1kp0un6/whore_waitress_at_hooters,1kp0un6
181,https://www.reddit.com/r/rape_hentai/comments/1kkzal4/shouldve_had_a_flying_type_bitch,1kkzal4
182,https://www.reddit.com/r/SluttyConfessions/comments/1kiyxs6/i_23f_went_airtight_with_3_married_men_as_their,1kiyxs6
183,https://www.reddit.com/r/FapDeciders/comments/1ki08po/torture_me_at_school_f4f,1ki08po
184,https://www.reddit.com/r/SluttyConfessions/comments/1khub9q/18f_i_failed_the_test,1khub9q
185,https://www.reddit.com/r/sandiegosinglez/comments/1kal0p9/f21_would_you_smash_or_pass,1kal0p9
186,https://www.reddit.com/r/dirtypenpals/comments/1k6393m/f4m_how_come_guys_never_trade_sex_for_favors,1k6393m
187,https://www.reddit.com/r/SanDiegofun4free/comments/1k5neg9/19_f4m_northpark_would_love_to_find_open_minded,1k5neg9
188,https://www.reddit.com/r/Rapekink/comments/1k4ac78/my_most_humiliating_gang_rape,1k4ac78
189,https://www.reddit.com/r/Rapekink/comments/1k0puoa/i_fucked_up_my_life_by_flirting_with_a_coworker,1k0puoa
190,https://www.reddit.com/r/SluttyConfessions/comments/1jz3zq6/f19_i_wore_a_butt_plug_to_my_dentist_appointment,1jz3zq6
191,https://www.reddit.com/r/Rapekink/comments/1jygm41/drunk_insecure_college_girl,1jygm41
192,https://www.reddit.com/r/rape_hentai/comments/1jupbna/nowhere_would_be_safe_with_an_app_like_this,1jupbna
193,https://www.reddit.com/r/Rapekink/comments/1jsrxb9/first_time_on_the_train_in_japan,1jsrxb9
194,https://www.reddit.com/r/AhegaoGirls/comments/1jrklf4/ahegao_blowjob_deepthroat_dildo,1jrklf4
195,https://www.reddit.com/r/IWantToBeHerHentai2/comments/1jrd45y/gosh_i_can_really_feel_you_without_a_condom_on,1jrd45y
196,https://www.reddit.com/r/SluttyConfessions/comments/1jqys6v/i_took_my_friends_daughter_dogging_f18,1jqys6v
197,https://www.reddit.com/r/AhegaoGirls/comments/1jm7v5g/do_guys_actually_like_this,1jm7v5g
198,https://www.reddit.com/r/IWantToBeHerHentai2/comments/1jktnuo/every_girl_routine_or_dream,1jktnuo
199,https://www.reddit.com/r/DirtyConfession/comments/1jg44wx/f22_college_swimmer_gangbanged_last_weekend,1jg44wx
200,https://www.reddit.com/r/rape_hentai/comments/1jfbar3/im_totally_against_rape_thats_why_i_always_ask,1jfbar3
201,https://www.reddit.com/r/Rapekink/comments/1jb9b2u/meeting_up_with_my_rapist,1jb9b2u
202,https://www.reddit.com/r/IWantToBeHerHentai2/comments/1jb9eeb/i_need_to_be_bleached_by_a_coloniser_so_bad,1jb9eeb
203,https://www.reddit.com/r/sexstories/comments/1jb4mil/getting_fucked_by_my_personal_trainer_cnc,1jb4mil
204,https://www.reddit.com/r/Rapekink/comments/1jb9vbo/they_made_me_a_slut,1jb9vbo
205,https://www.reddit.com/r/sexstories/comments/1janvhn/how_my_roommate_became_my_girlfriend_part_2,1janvhn
206,https://www.reddit.com/r/sexstories/comments/1j9wd85/how_my_roommate_became_my_girlfriend,1j9wd85
207,https://www.reddit.com/r/DirtyConfession/comments/1ja9kxm/she_facetimed_her_friend_so_she_watch_her_get,1ja9kxm
208,https://www.reddit.com/r/rape_hentai/comments/1j9c89z/i_hate_being_a_solider_but_damn_do_i_love,1j9c89z
209,https://www.reddit.com/r/rape_hentai/comments/1ja39mp/im_interested_in_creating_a_new_show_where_i_find,1ja39mp
210,https://www.reddit.com/r/Rapekink/comments/1j75w4p/getting_raped_after_using_my_friends_shower_at_a,1j75w4p
211,https://www.reddit.com/r/SluttyConfessions/comments/1j6lm08/21f_i_didnt_even_know_who_was_fucking_me,1j6lm08
212,https://www.reddit.com/r/sexstories/comments/1j68x47/i_broke_the_one_rule_my_friend_had_for_a_mfm,1j68x47
213,https://www.reddit.com/r/DirtyConfession/comments/1j3xfm4/21_f_abusing_my_clit_again,1j3xfm4
214,https://www.reddit.com/r/SluttyConfessions/comments/1j3l4gp/since_my_neighbor_found_out_im_always_naked_in_my,1j3l4gp
215,https://www.reddit.com/r/Rapekink/comments/1j1yvcn/two_men_at_once,1j1yvcn
216,https://www.reddit.com/r/IWantToBeHerHentai2/comments/1j1z84i/when_i_text_you_im_alone_it_means_i_want_you_to,1j1z84i
217,https://www.reddit.com/r/sexstories/comments/1j1geo7/i_fucked_2_college_girls_i_tutored_part_1,1j1geo7
218,https://www.reddit.com/r/IWantToBeHerHentai2/comments/1iwui7f/scan_the_barcode_to_know_my_price,1iwui7f
219,https://www.reddit.com/r/sexstories/comments/1ivsn12/my_volleyball_team_had_an_orgy_and_i_got_came_in,1ivsn12
220,https://www.reddit.com/r/SluttyConfessions/comments/1isfojg/i_19f_have_been_fucking_my_friends_boyfriend_for,1isfojg
221,https://www.reddit.com/r/DirtyConfession/comments/1ispdv6/fb_market_has_sluts_too,1ispdv6
222,https://www.reddit.com/r/SluttyConfessions/comments/1iqp2dw/f29_bf_shared_me_then_dumped_me,1iqp2dw
223,https://www.reddit.com/r/sexstories/comments/1ikw0st/my_best_friend_lets_her_boyfriend_fuck_me,1ikw0st
224,https://www.reddit.com/r/SluttyConfessions/comments/1iii4nj/my_friends_gangbang_my_ex_gf_every_super_bowl,1iii4nj
225,https://www.reddit.com/r/rape_hentai/comments/1ihn8f7/i_should_have_never_used_that_fake_id_to_get_into,1ihn8f7
226,https://www.reddit.com/r/Rapekink/comments/1ihl2ax/one_of_my_patients_lured_me_to_his_apartment_for,1ihl2ax
227,https://www.reddit.com/r/SluttyConfessions/comments/1ihnj8g/got_tricked_by_a_girl_who_lied_about_her_age,1ihnj8g
228,https://www.reddit.com/r/Rapekink/comments/1ibf6z1/raped_after_a_night_out_cheating,1ibf6z1
229,https://www.reddit.com/r/Rapekink/comments/1i8yt0y/my_college_friend_claimed_she_found_us_a_ride,1i8yt0y
230,https://www.reddit.com/r/sexstories/comments/1i8hwen/i_m_ended_up_showering_with_my_gfs_bff_f,1i8hwen
231,https://www.reddit.com/r/sexstories/comments/1i7ouaj/bf_wanted_an_open_relationship_now_im_the_one,1i7ouaj
232,https://www.reddit.com/r/rape_hentai/comments/1i7hxb2/girls_under_54_are_designed_to_be_rape_toys_for,1i7hxb2
233,https://www.reddit.com/r/Rapekink/comments/1i7hp5f/getting_raped_by_my_sisters_black_friends_made_me,1i7hp5f
234,https://www.reddit.com/r/Rapekink/comments/1i6cvrm/my_f20_bf_m21_proved_me_wrong,1i6cvrm
235,https://www.reddit.com/r/sexstories/comments/1i3bv3i/my_roommate_set_up_a_breeding_hole_at_his_party,1i3bv3i
236,https://www.reddit.com/r/SluttyConfessions/comments/1g8khro/f18_what_i_learned_at_church,1g8khro
237,https://www.reddit.com/r/alasjuicy/comments/1hzqqoh/public_sex_in_the_middle_of_a_park_at_midnight,1hzqqoh
238,https://www.reddit.com/r/Rapekink/comments/1i1r8js/they_raped_me_on_the_way_back_to_my_dorm_and,1i1r8js
239,https://www.reddit.com/r/Rapekink/comments/d57lf5/how_i_accidentally_brainwashed_myself_to_cheer,d57lf5
240,https://www.reddit.com/r/Rapekink/comments/1i0jkv5/my_best_friends_story_about_her_rape_turned_me_on,1i0jkv5
241,https://www.reddit.com/r/SluttyConfessions/comments/vrrcct/my_f24_experience_being_a_livein_slave_for_my,vrrcct
242,https://www.reddit.com/r/DirtyConfession/comments/1i0ck3y/an_adult_party_took_unexpected_turn,1i0ck3y
243,https://www.reddit.com/r/SluttyConfessions/comments/1hzwlsb/i_love_making_my_boyfriend_feel_extra_relaxed,1hzwlsb
244,https://www.reddit.com/r/SluttyConfessions/comments/1hzkn57/im_in_a_monogamous_relationship_why_does_it_feel,1hzkn57
245,https://www.reddit.com/r/SluttyConfessions/comments/1hzdptb/my_boyfriends_friends_ran_a_train_on_me,1hzdptb
246,https://www.reddit.com/r/SluttyConfessions/comments/stgrcf/f18_thought_i_was_a_lesbian_for_my_whole_life_and,stgrcf
247,https://www.reddit.com/r/rape_hentai/comments/1hywuom/tell_me_who_raped_you_for_the_first_time,1hywuom
248,https://www.reddit.com/r/SluttyConfessions/comments/fl9hfv/my_girlfriend_traded_her_anal_virginity_for_a,fl9hfv
249,https://www.reddit.com/r/FapDeciders/comments/1hxy23c/im_destroyed_f4a,1hxy23c
250,https://www.reddit.com/r/SluttyConfessions/comments/1hxoite/fucked_my_girlfriends_best_friend_right_in_front,1hxoite
251,https://www.reddit.com/r/Rapekink/comments/1hurhp1/i_got_passed_around_on_new_years_eve,1hurhp1
252,https://www.reddit.com/r/sexstories/comments/1hq4u5t/i_turned_someones_fianc%C3%A9_into_my_personal_slut_p2,1hq4u5t
253,https://www.reddit.com/r/Rapekink/comments/1hmwtyu/not_my_first_my_most_recent_defeated,1hmwtyu
254,https://www.reddit.com/r/rape_hentai/comments/1hnddvo/my_sister_and_her_friends_never_questioned_the,1hnddvo
255,https://www.reddit.com/r/sexstories/comments/1hmh0hu/i_watched_my_gf_and_her_best_friend_get_used_by_2,1hmh0hu
256,https://www.reddit.com/r/cumsluts/comments/1hmax0a/sharing_is_caring,1hmax0a
257,https://www.reddit.com/r/Rapekink/comments/1hmb6rq/my_best_friend_made_me_choke_myself,1hmb6rq
258,https://www.reddit.com/r/Rapekink/comments/1hmaet6/i_got_drunk_and_gangraped_after_a_christmas_eve,1hmaet6
259,https://www.reddit.com/r/Rapekink/comments/1hjmf9s/raped_by_my_best_friend_and_3_of_his_friends,1hjmf9s
260,https://www.reddit.com/r/SluttyConfessions/comments/1hi84g1/platonic_group_cuddling_turned_not_so_platonic,1hi84g1
261,https://www.reddit.com/r/Rapekink/comments/1hjdvd6/f18_got_drunk_at_a_party_last_night_and_got_raped,1hjdvd6
262,https://www.reddit.com/r/collegesluts/comments/1high27/a_horny_goth_and_college_girl,1high27
263,https://www.reddit.com/r/DirtyConfession/comments/1hi559b/had_sex_with_an_amazon_girl_in_her_work_van,1hi559b
264,https://www.reddit.com/r/sexstories/comments/1hi1e2s/i_sent_a_terrible_video_to_my_younger_brother_18,1hi1e2s
265,https://www.reddit.com/r/SluttyConfessions/comments/1hh0kgn/they_fucked_the_living_shit_out_of_me_for_hours,1hh0kgn
266,https://www.reddit.com/r/FapDeciders/comments/1hdydfh/f4m_grab_a_die_and_your_dick,1hdydfh
267,https://www.reddit.com/r/collegesluts/comments/1hd5r2d/a_bisexual_uni_student_tries_anal_with_a_trans,1hd5r2d
268,https://www.reddit.com/r/NSFWIAMA/comments/1hd2ykb/in_18_months_i_37m_fucked_27_woman,1hd2ykb
269,https://www.reddit.com/r/SluttyConfessions/comments/1hctwtd/just_the_tip_is_not_cheating_right,1hctwtd
270,https://www.reddit.com/r/bdsm/comments/1hbedoz/bound_and_used,1hbedoz
271,https://www.reddit.com/r/cumsluts/comments/1hcmezw/pulled_over,1hcmezw
272,https://www.reddit.com/r/sexstories/comments/1hbvcp5/my_first_squirt,1hbvcp5
273,https://www.reddit.com/r/SluttyConfessions/comments/1hc0oew/34f_i_sat_between_two_perverts_on_an_overnight,1hc0oew
274,https://www.reddit.com/r/CNC_Connect/comments/189a9ms/18_f4m_losangeles_success_story,189a9ms
275,https://www.reddit.com/r/SluttyConfessions/comments/1hb2r5l/he_didnt_stop_he_kept_going,1hb2r5l
276,https://www.reddit.com/r/cumsluts/comments/1hasw85/having_her_pussy_pierced_shut_didnt_stop_this_guy,1hasw85
277,https://www.reddit.com/r/SexToys/comments/da8sgp/what_are_good_butt_plugs_to_try_for_a_complete,da8sgp
278,https://www.reddit.com/r/SluttyConfessions/comments/1h7mu2i/i_made_my_gf_into_a_tabooaddicted_slut_after_she,1h7mu2i
279,https://www.reddit.com/r/Rapekink/comments/1gvqqi7/the_first_time_i_was_raped_in_my_sleep_by_my,1gvqqi7
280,https://www.reddit.com/r/SluttyConfessions/comments/1gr9ruw/my_boss_made_me_fuck_her_husband,1gr9ruw
281,https://www.reddit.com/r/SluttyConfessions/comments/1gqz8q8/customer_touched_my_pussy,1gqz8q8
282,https://www.reddit.com/r/Rapekink/comments/1gfk0sy/movies_for_my_bf_to_rape_me_to,1gfk0sy
283,https://www.reddit.com/r/SluttyConfessions/comments/1gfphsy/10_small_confessions_f_23,1gfphsy
284,https://www.reddit.com/r/rape_hentai/comments/1gcbsvs/what_mark_do_you_want,1gcbsvs
285,https://www.reddit.com/r/sexstories/comments/1gawkac/21f_i_worked_as_a_stripper_for_1_night_and_fucked,1gawkac
286,https://www.reddit.com/r/SluttyConfessions/comments/1g7fmuj/i_fucked_my_friend_while_his_girl_was_in_the_next,1g7fmuj
287,https://www.reddit.com/r/Rapekink/comments/1g6a1h9/i_wouldnt_indulge_my_boyfriends_cuckold_kink_so,1g6a1h9
288,https://www.reddit.com/r/Rapekink/comments/1g5o38j/i_keep_going_back_to_my_rapist_ex,1g5o38j
289,https://www.reddit.com/r/Rapekink/comments/1g57d7h/raped_on_my_bachelorette_party,1g57d7h
290,https://www.reddit.com/r/DirtyConfession/comments/1g0ir0e/part_2_my_frnd_found_my_reddit_and_gang_banged_me,1g0ir0e
291,https://www.reddit.com/r/DirtyConfession/comments/1g0iclw/my_frnd_found_my_reddit_and_gang_banged_me,1g0iclw
292,https://www.reddit.com/r/SluttyConfessions/comments/1g2xspe/i_21f_let_the_delivery_guy_cum_on_me,1g2xspe
293,https://www.reddit.com/r/CNC_Connect/comments/1frx6uh/24f4m_co_success_hotel_bar_flirting_turns_dark,1frx6uh
294,https://www.reddit.com/r/SluttyConfessions/comments/1fnrl5o/i_let_a_group_of_college_guys_use_me_in_a_vegas,1fnrl5o
295,https://www.reddit.com/r/stupidslutsclub/comments/16abtfq/fucked_the_football_team,16abtfq
296,https://www.reddit.com/r/anal/comments/1ffbe2g/cum_but_dont_stop,1ffbe2g
297,https://www.reddit.com/r/Rapekink/comments/1ff8i1k/raped_while_pretending_to_be_asleep,1ff8i1k
298,https://www.reddit.com/r/SluttyConfessions/comments/1fec8jq/a_19_year_old_with_a_huge_cock_came_inside_me,1fec8jq
299,https://www.reddit.com/r/SluttyConfessions/comments/1fagjpq/my_gfs_little_sister_18_is_a_slut,1fagjpq
300,https://www.reddit.com/r/dirtypenpals/comments/zj30zz/f4m_looking_for_an_actual_dirty_pen_pal,zj30zz
301,https://www.reddit.com/r/stupidslutsclub/comments/avhnln/how_i_became_a_slut,avhnln
302,https://www.reddit.com/r/Rapekink/comments/1f9j4td/got_raped_on_my_birthday,1f9j4td
303,https://www.reddit.com/r/SluttyConfessions/comments/184kict/just_like_a_porno,184kict
304,https://www.reddit.com/r/rape_hentai/comments/1f7fdbd/are_you_a_little_rapecunt_desperate_to_be_used,1f7fdbd
305,https://www.reddit.com/r/bigdicklovers/comments/1epwjxn/30_f4m_sandiego_tall_blasian_ready_for_a_wild,1epwjxn
306,https://www.reddit.com/r/Rapekink/comments/1f2caov/raped_in_my_car_for_5_hours,1f2caov
307,https://www.reddit.com/r/SluttyConfessions/comments/1ezh394/a_guy_i_hooked_up_with_let_his_roommate_have_a,1ezh394
308,https://www.reddit.com/r/DirtyConfession/comments/1euv08y/we_let_our_friend_fuck_all_of_us,1euv08y
309,https://www.reddit.com/r/Rapekink/comments/1eui4x8/a_new_low,1eui4x8
310,https://www.reddit.com/r/Rapekink/comments/1etx3r5/my_angry_bf_raped_me,1etx3r5
311,https://www.reddit.com/r/SluttyConfessions/comments/1et408u/me_and_my_2_besties_got_railed_by_9_men,1et408u
312,https://www.reddit.com/r/SluttyConfessions/comments/1esppud/18f_i_am_a_twofaced_lusty_hijabi,1esppud
313,https://www.reddit.com/r/gape/comments/1er0jvx/just_a_little_one_for_you,1er0jvx
314,https://www.reddit.com/r/DirtyConfession/comments/1esbejh/got_a_blow_from_daughters_friend,1esbejh
315,https://www.reddit.com/r/sexstories/comments/1erwxx7/i_got_fucked_and_filmed_by_two_guys,1erwxx7
316,https://www.reddit.com/r/SluttyConfessions/comments/1es3h4w/19f_i_found_out_my_bf_has_hyperspermia_and_i_like,1es3h4w
317,https://www.reddit.com/r/DirtyConfession/comments/1es56rc/girlfriend_had_first_fmf_threesome_without_me,1es56rc
318,https://www.reddit.com/r/Rapekink/comments/1es656x/i_became_the_neighborhood_slut_in_the_projects,1es656x
319,https://www.reddit.com/r/SluttyConfessions/comments/1erpxmo/i_got_gangbanged_by_my_students_again_f23_m23,1erpxmo
320,https://www.reddit.com/r/SluttyConfessions/comments/1erneu7/i_went_to_a_prn_castingf18,1erneu7
321,https://www.reddit.com/r/sexstories/comments/1er962u/my_wife_was_dpd_in_college_by_bbcs,1er962u
322,https://www.reddit.com/r/cumsluts/comments/1er527j/my_buddy_used_me_to_get_off_and_he_filled_me_up,1er527j
323,https://www.reddit.com/r/Rapekink/comments/1eqhtgg/carrying_my_rapists_baby,1eqhtgg
324,https://www.reddit.com/r/SluttyConfessions/comments/1epw0m8/got_caught_getting_railed_in_a_club,1epw0m8
325,https://www.reddit.com/r/SluttyConfessions/comments/1epien5/i_fucked_a_10_inch_cock_and_survived_f18,1epien5
326,https://www.reddit.com/r/DirtyConfession/comments/1eo1nou/20_f_too_cheap_to_pay_rent_so_regularly_fucking,1eo1nou
327,https://www.reddit.com/r/SluttyConfessions/comments/1eoga63/one_of_my_hook_ups_always_fucks_my_ass,1eoga63
328,https://www.reddit.com/r/SluttyConfessions/comments/1enykti/fucked_four_guys_in_a_week_during_a_break,1enykti
329,https://www.reddit.com/r/DirtyConfession/comments/1eo7r00/18_year_old_virgin_boy_told_me_his_dick_was_too,1eo7r00
330,https://www.reddit.com/r/DirtyConfession/comments/1ent5lw/friendly_fuck_with_a_girl_from_matrimony_app,1ent5lw
331,https://www.reddit.com/r/HentaiBullying/comments/1enbyct/amateur_takes_it_rough,1enbyct
332,https://www.reddit.com/r/sexstories/comments/1en3xdo/my_roommates_fit_both_of_their_cocks_in_my_pussy,1en3xdo
333,https://www.reddit.com/r/SluttyConfessions/comments/1emo4zt/my_now_husband_fucked_me_in_the_first_two_minutes,1emo4zt
334,https://www.reddit.com/r/BDSMAdvice/comments/16z2rtt/my_gf_is_having_difficulty_with_deepthroat_due_to,16z2rtt
335,https://www.reddit.com/r/Rapekink/comments/1emnx2p/i_came_out_as_trans_to_my_brother_and_he_raped_me,1emnx2p
336,https://www.reddit.com/r/cumsluts/comments/1elkat7/finishing_where_hes_supposed_to,1elkat7
337,https://www.reddit.com/r/SluttyConfessions/comments/1elwoff/f18_hes_old_enough_to_be_my_dad_and_didnt_wear_a,1elwoff
338,https://www.reddit.com/r/SluttyConfessions/comments/1ekweu0/the_thank_you_blowjob,1ekweu0
339,https://www.reddit.com/r/Rapekink/comments/1eknwz5/hypersexual_at_the_doctors,1eknwz5
340,https://www.reddit.com/r/Rapekink/comments/1ej5wqe/i_25f_got_raped_by_an_ex_at_a_party_and_my_bf_34m,1ej5wqe
341,https://www.reddit.com/r/DirtyConfession/comments/1eibhk1/i_was_ruined_by_an_older_man_behind_a_dumpster,1eibhk1
342,https://www.reddit.com/r/Limitlessrp/comments/1azrppr/f4m_shouldnt_have_made_that_deal,1azrppr
343,https://www.reddit.com/r/Rapekink/comments/1eg1j8e/wheres_the_line_between_trauma_and_turn_on,1eg1j8e
344,https://www.reddit.com/r/SluttyConfessions/comments/1eewj7i/19f_i_got_tied_up_and_used_by_4_guys_over_an,1eewj7i
345,https://www.reddit.com/r/sexstories/comments/1ee1x3v/my_experience_with_a_hijabigirl,1ee1x3v
346,https://www.reddit.com/r/collegesluts/comments/1ec4j3o/i_really_want_to_fuck_my_teacher_but_i_dont_know,1ec4j3o
347,https://www.reddit.com/r/sexstories/comments/1ecc3qs/fucked_a_girl_i_met_on_street_within_half_an_hour,1ecc3qs
348,https://www.reddit.com/r/TeenBeauties/comments/1eby3oh/do_you_think_my_dad_is_proud,1eby3oh
349,https://www.reddit.com/r/Rapekink/comments/1e6swng/one_drunk_halloween_night,1e6swng
350,https://www.reddit.com/r/SluttyConfessions/comments/1e5us76/18f_slut_put_to_use,1e5us76
351,https://www.reddit.com/r/SluttyConfessions/comments/1e5qzow/18_f_i_slept_with_my_talent_agent,1e5qzow
352,https://www.reddit.com/r/sexstories/comments/1e4nn0l/i_discovered_my_sisters_onlyfans_incest,1e4nn0l
353,https://www.reddit.com/r/SluttyConfessions/comments/1e4rim8/a_college_life_confession_that_still_makes_me_hard,1e4rim8
354,https://www.reddit.com/r/Rapekink/comments/akocp3/my_experience_of_rape_abuse_and_stockholm,akocp3
355,https://www.reddit.com/r/IWantToBeHerHentai2/comments/1e3xqa2/i_lost_a_bet_to_a_guy_at_a_bar_now_im_forced_to,1e3xqa2
356,https://www.reddit.com/r/SluttyConfessions/comments/1e48jbl/my_friend_slept_with_my_boyfriend_so_now_im,1e48jbl
357,https://www.reddit.com/r/Rapekink/comments/aru6ss/just_another_origin_story,aru6ss
358,https://www.reddit.com/r/gonewildstories/comments/1drp6ye/my_roommate_made_his_girlfriend_our_fucktoy_group,1drp6ye
359,https://www.reddit.com/r/sexstories/comments/1e21afg/my_roommate_introduced_his_new_girlfriend_to_free,1e21afg
360,https://www.reddit.com/r/Incestconfessions/comments/1e10y8j/i_f19_was_double_penetrated_really_hard_by_my,1e10y8j
361,https://www.reddit.com/r/SluttyConfessions/comments/1e1of88/got_used_like_a_rug,1e1of88
362,https://www.reddit.com/r/sexstories/comments/1e1573e/my_friends_touch_me_at_university_f19,1e1573e
363,https://www.reddit.com/r/SluttyConfessions/comments/1e19vor/26f_had_a_lot_of_lesbian_sex_in_jail,1e19vor
364,https://www.reddit.com/r/sexstories/comments/1e0q8ls/why_do_men_stop_themselves_from_cuming,1e0q8ls
365,https://www.reddit.com/r/SluttyConfessions/comments/1e0ee1s/my_21_introduction_to_fucking_was_a_gangbang,1e0ee1s
366,https://www.reddit.com/r/SluttyConfessions/comments/1e09kzs/8_creampies_1_accidental_anal,1e09kzs
367,https://www.reddit.com/r/SluttyConfessions/comments/1dzux6g/unplanned_threesome_experience,1dzux6g
368,https://www.reddit.com/r/sexstories/comments/1dzb1m8/giving_the_hvac_techs_a_great_view,1dzb1m8
369,https://www.reddit.com/r/SluttyConfessions/comments/1dyq9i2/f18_me_and_friends_had_a_orgy,1dyq9i2
370,https://www.reddit.com/r/sexstories/comments/1dykis4/spicy_anal,1dykis4
371,https://www.reddit.com/r/SluttyConfessions/comments/1dyk8ey/24_hours_as_a_sex_slave,1dyk8ey
372,https://www.reddit.com/r/dirtyr4r/comments/1dyiewb/23_f4m_philippines_corruption_of_a_nerd,1dyiewb
373,https://www.reddit.com/r/cumsluts/comments/1dy18vr/life_changing_blowjob,1dy18vr
374,https://www.reddit.com/r/cumsluts/comments/1dx6y0p/whats_the_hottest_thing_a_girl_has_done_while_you,1dx6y0p
375,https://www.reddit.com/r/Rapekink/comments/1dwzkph/somnophilia_sleep_rape_ghb,1dwzkph
376,https://www.reddit.com/r/sexstories/comments/1dw0fbx/fucking_both_my_stepsisters_secretly,1dw0fbx
377,https://www.reddit.com/r/SluttyConfessions/comments/1dwcpvo/i_let_my_roommate_to_use_me,1dwcpvo
378,https://www.reddit.com/r/SluttyConfessions/comments/1dvrx1m/my_pussy_is_freeuse_for_my_roommates,1dvrx1m
379,https://www.reddit.com/r/Rapekink/comments/1dv2nx5/every_year_i_get_raped_on_my_birthday,1dv2nx5
380,https://www.reddit.com/r/sexstories/comments/11rgxjr/my_dads_friends_have_their_fun_fm_gangbang_cnc,11rgxjr
381,https://www.reddit.com/r/sexstories/comments/11rg4ms/my_dads_friends_have_their_fun_fm_gangbang_cnc,11rg4ms
382,https://www.reddit.com/r/Rapekink/comments/1dsri0d/my_drink_was_spiked_i_drank_it_anyway,1dsri0d
383,https://www.reddit.com/r/Rapekink/comments/t1kxhg/i_recently_found_a_video_of_my_own_rape,t1kxhg
384,https://www.reddit.com/r/Rapekink/comments/1dlxajv/4_months_of_madness,1dlxajv
385,https://www.reddit.com/r/sexstories/comments/1djjldl/my_roommate_raped_me,1djjldl
386,https://www.reddit.com/r/Rapekink/comments/1diizhr/a_girlboss_an_unexpected_journey,1diizhr
387,https://www.reddit.com/r/Rapekink/comments/1904phs/raped_into_the_new_year,1904phs
388,https://www.reddit.com/r/rape_hentai/comments/1dflmna/choose_1_2_3_4_only_one,1dflmna
389,https://www.reddit.com/r/Rapekink/comments/1dc5oqz/i_will_never_be_the_same_full_story,1dc5oqz
390,https://www.reddit.com/r/Rapekink/comments/1daqk6l/trying_to_make_sense_of_why_i_am_like_this,1daqk6l
391,https://www.reddit.com/r/Rapekink/comments/1d9r6j0/stumbled_upon_a_bad_part_of_town_while_urban,1d9r6j0
392,https://www.reddit.com/r/SluttyConfessions/comments/1d5zdch/i_get_to_know_them_and_then_fuck_their_husbands,1d5zdch
393,https://www.reddit.com/r/SluttyConfessions/comments/1d58q28/husband_used_me_for_hours,1d58q28
394,https://www.reddit.com/r/SluttyConfessions/comments/1d4wtpm/college_gf_was_free_use_and_i_didnt_even_know,1d4wtpm
395,https://www.reddit.com/r/SluttyConfessions/comments/1cvk9q0/my_boyfriends_friends_fucked_me,1cvk9q0
396,https://www.reddit.com/r/Rapekink/comments/1cvte65/i_think_im_addicted_to_ithim_and_i_need_help,1cvte65
397,https://www.reddit.com/r/collegesluts/comments/1cqk96w/well_i_just_told_everyone_in_class_that_i_am_a,1cqk96w
398,https://www.reddit.com/r/Rapekink/comments/1cqez1w/my_first_night_at_college_ended_in_an_intoxicated,1cqez1w
399,https://www.reddit.com/r/Rapekink/comments/16pt8he/raped_for_my_share_of_rent,16pt8he
400,https://www.reddit.com/r/Rapekink/comments/1chwry2/he_broke_me,1chwry2
401,https://www.reddit.com/r/SluttyConfessions/comments/1cem913/public_free_use_thnkx_to_reditor,1cem913
402,https://www.reddit.com/r/FapDeciders/comments/19d7ef6/25f4a_tasks_for_a_horny_server,19d7ef6
403,https://www.reddit.com/r/SluttyConfessions/comments/1cdo0yi/became_a_college_slut,1cdo0yi
404,https://www.reddit.com/r/Rapekink/comments/1ce1ujb/when_it_happened_in_a_park,1ce1ujb
405,https://www.reddit.com/r/NSFWIAMA/comments/1cdn2bn/i_f30_host_1520_man_gangbangs_in_a_small_town_in,1cdn2bn
406,https://www.reddit.com/r/Rapekink/comments/1b0v6ng/f20_my_friend_raped_me_anally,1b0v6ng
407,https://www.reddit.com/r/Rapekink/comments/1ah2x6k/anal_rape_victim_anal_princess,1ah2x6k
408,https://www.reddit.com/r/sexstories/comments/1cdjw6u/the_supermarket_slut,1cdjw6u
409,https://www.reddit.com/r/Rapekink/comments/1cdkoxm/right_back_at_it_tinder_baiting,1cdkoxm
410,https://www.reddit.com/r/bangmybully/comments/145vfa7/pov_your_bully_let_you_join_in_on_the_fun_while,145vfa7
411,https://www.reddit.com/r/Rapekink/comments/1c6cp1i/24f_gratification_from_sharing_my_body,1c6cp1i
412,https://www.reddit.com/r/Rapekink/comments/1c495gc/hooking_up_with_the_guy_who_raped_me,1c495gc
413,https://www.reddit.com/r/sexstories/comments/1c3u5wz/had_an_escort_come_to_my_boston_hotel_long,1c3u5wz
414,https://www.reddit.com/r/Rapekink/comments/1c42teq/confession_3,1c42teq
415,https://www.reddit.com/r/Rapekink/comments/1c38084/i_41f_got_drugged_and_raped_at_a_frat_party,1c38084
416,https://www.reddit.com/r/sexstories/comments/1c2oeic/i_used_my_f_friends_kink_against_her_and_had_my,1c2oeic
417,https://www.reddit.com/r/Rapekink/comments/1c2fsov/confession_2,1c2fsov
418,https://www.reddit.com/r/SluttyConfessions/comments/1c1v9x7/a_bet_is_a_bet_f26,1c1v9x7
419,https://www.reddit.com/r/SluttyConfessions/comments/1c1q8bv/i_came_in_a_zoom_meeting_and_lost_my_job,1c1q8bv
420,https://www.reddit.com/r/Rapekink/comments/1c1ok26/i_was_gang_raped_in_college,1c1ok26
421,https://www.reddit.com/r/SluttyConfessions/comments/1c0pphx/hubby_invited_three_college_boys_in_our_hotel,1c0pphx
422,https://www.reddit.com/r/IWantToBeHerHentai2/comments/1bzjjmg/hypnosis_does_wonders,1bzjjmg
423,https://www.reddit.com/r/TraumatizedSluts/comments/1c063vv/what_are_you_all_doing_to_me,1c063vv
424,https://www.reddit.com/r/SluttyConfessions/comments/1bzaqcb/my_husband_invited_3_strangers_to_gangbang_me_on,1bzaqcb
425,https://www.reddit.com/r/TraumatizedSluts/comments/1bzd40o/i_25f_tested_the_waters_with_this_community_and,1bzd40o
426,https://www.reddit.com/r/SluttyConfessions/comments/1bzttel/f22_my_husbandm33_and_i_had_the_sluttiest_wedding,1bzttel
427,https://www.reddit.com/r/Rapekink/comments/1byq4ll/i_had_the_epiphany_the_best_sex_of_my_life_was,1byq4ll
428,https://www.reddit.com/r/sexstories/comments/1bxsd0p/sister_in_law_drunk_sex,1bxsd0p
429,https://www.reddit.com/r/Rapekink/comments/1bxtxs4/i_used_to_go_to_house_parties_alone_all_the_time,1bxtxs4
430,https://www.reddit.com/r/stupidslutsclub/comments/azmkn1/laurens_terrible_mistake_a_march_madness_report,azmkn1
431,https://www.reddit.com/r/TraumatizedSluts/comments/1bwqhb2/gangraped_at_party_19f,1bwqhb2
432,https://www.reddit.com/r/SluttyConfessions/comments/1bv8xij/i_jerked_off_a_patient,1bv8xij
433,https://www.reddit.com/r/SluttyConfessions/comments/1bug1at/dorm_floor_shower,1bug1at
434,https://www.reddit.com/r/Rapekink/comments/1bsoz7o/to_the_wlw_with_this_kink,1bsoz7o
435,https://www.reddit.com/r/sexstories/comments/1brt3l7/the_litmus_test,1brt3l7
436,https://www.reddit.com/r/sexstories/comments/1bq5o4f/i_19f_got_gangbanged_by_four_of_my_brothers,1bq5o4f
437,https://www.reddit.com/r/MamaPiggy_001/comments/1bg4smx/piperpresley_whoispiperpresley,1bg4smx
438,https://www.reddit.com/r/u_cheatingbeater/comments/13fozo2/cierra_mistt,13fozo2
439,https://www.reddit.com/r/SluttyConfessions/comments/1bi1xlr/nympho_being_a_bad_influence,1bi1xlr
440,https://www.reddit.com/r/Rapekink/comments/15h799u/sex_trafficked,15h799u
441,https://www.reddit.com/r/rape_hentai/comments/1bdr9qf/hhi_iits_been_a_while_but_my_captor_i_mean_master,1bdr9qf
442,https://www.reddit.com/r/collegesluts/comments/1bdwsou/19yo_and_sending_my_changing_room_nudes_to_random,1bdwsou
443,https://www.reddit.com/r/TraumatizedSluts/comments/1bbiy7o/30f_trauma_part1,1bbiy7o
444,https://www.reddit.com/r/Rapekink/comments/ppron2/i_basically_became_a_sex_slave_in_a_small_village,ppron2
445,https://www.reddit.com/r/Rapekink/comments/khforx/i_19f_and_my_friend_18f_were_raped_onboard_a,khforx
446,https://www.reddit.com/r/rapefantasies/comments/1b8mut9/if_you_were_my_dads_friend_and_he_left_us_alone,1b8mut9
447,https://www.reddit.com/r/SluttyConfessions/comments/1b3x40n/six_guys_were_examining_me,1b3x40n
448,https://www.reddit.com/r/rape_hentai/comments/1ayrigk/what_are_you_doing_if_you_found_them_like_this,1ayrigk
449,https://www.reddit.com/r/cumsluts/comments/1axgjzf/i_was_about_to_go_to_train_and_my_boyfriend_made,1axgjzf
450,https://www.reddit.com/r/SluttyConfessions/comments/1aop099/my_boyfriend_fucked_me_in_the_ass_and_all_i_could,1aop099
451,https://www.reddit.com/r/Rapekink/comments/1an7743/my_brother_hates_that_im_a_lesbian,1an7743
452,https://www.reddit.com/r/SanDiegoAdultTheater3/comments/1aicvsh/i_had_so_much_fun_today_i_loved_having_all_the,1aicvsh
453,https://www.reddit.com/r/Rapekink/comments/1adjxok/my_virgin_pussy_and_ass_were_raped_by_two_police,1adjxok
454,https://www.reddit.com/r/TraumatizedSluts/comments/1agcnqn/what_kind_of_trauma_doll_are_you,1agcnqn
455,https://www.reddit.com/r/SanDiegoAdultTheater3/comments/1afzcds/visiting_from_sdat2_to_bring_my_side_of_things,1afzcds
456,https://www.reddit.com/r/sexstories/comments/1adqy6n/my_gf_got_used_at_her_university_reunion,1adqy6n
457,https://www.reddit.com/r/SanDiegoAdultTheater3/comments/1adttjx/what_really_happened_you_guys_deserve_to_know_the,1adttjx
458,https://www.reddit.com/r/Rapekink/comments/1ae0dyt/cocky_date_assumed_he_knew_my_own_body_better,1ae0dyt
459,https://www.reddit.com/r/SluttyConfessions/comments/1ac3l3q/i_31f_got_fucked_by_my_bf_31m_so_hard_today,1ac3l3q
460,https://www.reddit.com/r/Rapekink/comments/1abq2lv/i_24f_paid_our_protection_fee_for_my_familys,1abq2lv
461,https://www.reddit.com/r/Rapekink/comments/1abw355/raped_by_my_porn_addicted_brother,1abw355
462,https://www.reddit.com/r/rape_hentai/comments/19f9bx9/what_of_this_mark_will_you_choose,19f9bx9
463,https://www.reddit.com/r/Rapekink/comments/19dys6d/i_was_actually_begging_for_it,19dys6d
464,https://www.reddit.com/r/Rapekink/comments/19d0vqo/the_second_time_at_the_gangs_house,19d0vqo
465,https://www.reddit.com/r/Rapekink/comments/193hglq/i_24f_was_coerced_into_sex_with_gang_members_for,193hglq
466,https://www.reddit.com/r/NSFWIAMA/comments/19bgk4o/my_wife_will_be_doing_an_8_guy_bareback_creampie,19bgk4o
467,https://www.reddit.com/r/Rapekink/comments/19bf2rv/coercion_works_one_two_many_times,19bf2rv
468,https://www.reddit.com/r/rape/comments/189um14/my_story_of_gangrape_that_gained_popularity_in,189um14
469,https://www.reddit.com/r/Rapekink/comments/1982c2l/exposing_myself_as_a_rape_toy_to_my_friends,1982c2l
470,https://www.reddit.com/r/Rapekink/comments/196osdo/bf_likes_to_embarrass_me_in_front_of_his_friends,196osdo
471,https://www.reddit.com/r/Rapekink/comments/195v26f/when_i_was_really_young_i_got_gangraped_and_now,195v26f
472,https://www.reddit.com/r/Rapekink/comments/11i1j85/my_two_cnc_rapists,11i1j85
473,https://www.reddit.com/r/sexstories/comments/1931id1/i_told_my_hookup_that_he_could_do_this_to_me,1931id1
474,https://www.reddit.com/r/Rapekink/comments/avzyon/my_stepbrother_used_me_as_his_fucktoy_for_3_years,avzyon
475,https://www.reddit.com/r/SluttyConfessions/comments/1910ss1/i_got_to_hate_fuck_my_former_sil,1910ss1
476,https://www.reddit.com/r/Rapekink/comments/190d55y/19f_raped_at_a_local_metal_show,190d55y
477,https://www.reddit.com/r/Rapekink/comments/18bo0wo/husband37_anally_raped_me24_before_church_and,18bo0wo
478,https://www.reddit.com/r/Rapekink/comments/18rbo8b/accidently_sent_a_racist_text_to_my_friend_she,18rbo8b
479,https://www.reddit.com/r/Rapekink/comments/18yimy0/forced_in_the_ghetto_because_i_24f_didnt_know_the,18yimy0
480,https://www.reddit.com/r/Rapekink/comments/18xsita/new_years,18xsita
481,https://www.reddit.com/r/sexstories/comments/18wqq18/21f_i_let_my_friends_bf_fuck_my_ass,18wqq18
482,https://www.reddit.com/r/sexstories/comments/18w4g0n/i_f18_at_the_time_let_5_men_use_me_so_i_could_buy,18w4g0n
483,https://www.reddit.com/r/SluttyConfessions/comments/18wsnfn/f_my_exchange_program_in_america_has_gone_wrong,18wsnfn
484,https://www.reddit.com/r/Rapekink/comments/18wk79r/new_year_new_rapes,18wk79r
485,https://www.reddit.com/r/cumsluts/comments/18qqyhm/i_filmed_my_bf_fucking_molly_little_for_christmas,18qqyhm
486,https://www.reddit.com/r/Rapekink/comments/18pezj7/on_the_train,18pezj7
487,https://www.reddit.com/r/sexstories/comments/18gl42k/new_freeuse_law_just_announced_part_5,18gl42k
488,https://www.reddit.com/r/sexstories/comments/18aobxf/i_went_to_a_free_use_party,18aobxf
489,https://www.reddit.com/r/Rapekink/comments/18b3ass/cnc_with_an_unexpected_ending,18b3ass
490,https://www.reddit.com/r/Rapekink/comments/184t8ef/i_let_my_bfs_best_friend_rape_me_in_my_sleep,184t8ef
491,https://www.reddit.com/r/Rapekink/comments/17nxd85/my_pussy_makes_normal_men_into_rapists,17nxd85
492,https://www.reddit.com/r/Rapekink/comments/1824b7c/got_raped_in_someones_backyard_at_a_house_show,1824b7c
493,https://www.reddit.com/r/SluttyConfessions/comments/181f8rq/i_21f_let_my_classmate_pound_my_ass_for_3_hours,181f8rq
494,https://www.reddit.com/r/sexstories/comments/181unqs/i_19f_made_a_taken_man_cheat,181unqs
495,https://www.reddit.com/r/palegirls/comments/180h7sg/this_dress_was_made_for_me_to_wear_and_for,180h7sg
496,https://www.reddit.com/r/Rapekink/comments/180ably/19f_the_guy_im_seeing_is_really_pushy_and_it,180ably
497,https://www.reddit.com/r/bdsm/comments/17xiyng/music_for_bsdm_advice_needed,17xiyng
498,https://www.reddit.com/r/SluttyConfessions/comments/17t5ges/neighborhood_gangbangf,17t5ges
499,https://www.reddit.com/r/SluttyConfessions/comments/17sz8h0/im_the_neighborhood_slutf,17sz8h0
500,https://www.reddit.com/r/Rapekink/comments/knb2mg/rapebaiting_while_hitchhiking_last_year,knb2mg
501,https://www.reddit.com/r/sexstories/comments/17s1iw6/tied_to_a_chair_and_blindfolded,17s1iw6
502,https://www.reddit.com/r/UCSD/comments/pi2swo/rucsd_hookup_sheet,pi2swo
503,https://www.reddit.com/r/Rapekink/comments/17rfhi9/my_halloween_night,17rfhi9
504,https://www.reddit.com/r/rape_hentai/comments/17pkxu7/shouldnt_have_opened_that_door,17pkxu7
505,https://www.reddit.com/r/Rapekink/comments/17pacy5/one_of_the_ways_my_dom_abused_me_that_ruined_me,17pacy5
506,https://www.reddit.com/r/SluttyConfessions/comments/17kyofi/i_made_a_guy_cum_four_times_in_one_night,17kyofi
507,https://www.reddit.com/r/Rapekink/comments/17j5y5b/i_was_held_against_my_will_by_two_men_and_i_get,17j5y5b
508,https://www.reddit.com/r/Rapekink/comments/17j32va/18f_halloween_baiting,17j32va
509,https://www.reddit.com/r/palegirls/comments/17ghih9/my_perky_tits_love_to_be_covered_in_cream,17ghih9
510,https://www.reddit.com/r/Rapekink/comments/kzxgd5/kidnapped_and_raped_for_7_years,kzxgd5
511,https://www.reddit.com/r/Rapekink/comments/l1v492/hostage_for_4_years,l1v492
512,https://www.reddit.com/r/Rapekink/comments/16utfek/i_19f_was_abducted_gangraped_and_then_gentleraped,16utfek
513,https://www.reddit.com/r/Rapekink/comments/150j3xy/i_19f_was_abducted_and_gangraped,150j3xy
514,https://www.reddit.com/r/sexstories/comments/17dvu9z/my_wife_just_became_free_use,17dvu9z
515,https://www.reddit.com/r/sexstories/comments/17cla7q/my_m30_girlfriend_f29_had_a_train_ran_on_her_so,17cla7q
516,https://www.reddit.com/r/SluttyConfessions/comments/17b9bur/my_bf_was_unhappy_how_our_threesome_went_and_that,17b9bur
517,https://www.reddit.com/r/SluttyConfessions/comments/174g7ys/i_22f_got_used_by_multiple_strangers_in_an_erotic,174g7ys
518,https://www.reddit.com/r/sexstories/comments/yzwk2k/violence_against_a_classmate,yzwk2k
519,https://www.reddit.com/r/palegirls/comments/16q65q0/confession_im_sorta_a_huge_anal_whore,16q65q0
520,https://www.reddit.com/r/promoteonlyfans/comments/16q9dop/i_dont_get_gangbanged_cuz_i_have_onlyfans_i_have,16q9dop
521,https://www.reddit.com/r/IWantToBeHerHentai2/comments/166672k/just_a_date,166672k
522,https://www.reddit.com/r/collegesluts/comments/161suxe/who_would_you_fuck_after_class,161suxe
523,https://www.reddit.com/r/collegesluts/comments/161wp3h/i_get_embarrassed_because_off_their_size_but_i,161wp3h
524,https://www.reddit.com/r/SluttyConfessions/comments/1552az1/ive_been_letting_my_fwb_fuck_me_while_im_sleeping,1552az1
525,https://www.reddit.com/r/HentaiBullying/comments/151416f/my_bullies_made_me_go_to_school_with_toys_in,151416f
526,https://www.reddit.com/r/SluttyConfessions/comments/l0ywcq/f25_the_grope_room,l0ywcq
527,https://www.reddit.com/r/SluttyConfessions/comments/vuqj1b/i_f45_was_in_a_gangbang_after_a_high_school,vuqj1b
528,https://www.reddit.com/r/SluttyConfessions/comments/v97dda/i_was_in_a_gangbang_with_a_large_group_of_marines,v97dda
529,https://www.reddit.com/r/SluttyConfessions/comments/14zwyrb/penetrated_in_every_hole_at_once_still_so_sore,14zwyrb
530,https://www.reddit.com/r/NSFWIAMA/comments/14zdkqq/i_33m_own_a_free_use_slut_27f_ama,14zdkqq
531,https://www.reddit.com/r/SluttyConfessions/comments/14zebkj/my_first_porn_theater_experience,14zebkj
532,https://www.reddit.com/r/SluttyConfessions/comments/14n6h79/had_my_brain_rattled_doggystyle_by_a_bull_and_had,14n6h79
533,https://www.reddit.com/r/SluttyConfessions/comments/14p5xsv/f25_just_woke_up_from_the_longest_sex_nap_of_my,14p5xsv
534,https://www.reddit.com/r/SluttyConfessions/comments/14l7ypk/he_destroyed_my_ass,14l7ypk
535,https://www.reddit.com/r/SluttyConfessions/comments/zp2xvk/i_21f_met_a_redditor_19m_from_my_school_yesterday,zp2xvk
536,https://www.reddit.com/r/sexstories/comments/14as4a3/almost_caught_at_school_with_my_best_friend_after,14as4a3
537,https://www.reddit.com/r/SluttyConfessions/comments/ti1ksr/the_first_time_i_then_29m_cucked_my_then_24f_wife,ti1ksr
538,https://www.reddit.com/r/SluttyConfessions/comments/zncgwz/f23_i_served_my_country_proudly_as_a_barrack_bunny,zncgwz
539,https://www.reddit.com/r/sexstories/comments/141e36i/i_went_out_with_my_guys_friends_and_got,141e36i
540,https://www.reddit.com/r/sexstories/comments/13u3pp5/18_preyed_on_and_fucked_haaard_by_married_older,13u3pp5
541,https://www.reddit.com/r/SluttyConfessions/comments/13tsbcg/im_so_screwed_19f,13tsbcg
542,https://www.reddit.com/r/SluttyConfessions/comments/13teryk/he_sells_me,13teryk
543,https://www.reddit.com/r/SluttyConfessions/comments/13fvbp6/so_i_graduated_high_school_today_and_i_wanted_to,13fvbp6
544,https://www.reddit.com/r/u_SoldForSilk/comments/136zi7x/an_archived_list_of_all_the_stories_that_i_have,136zi7x
545,https://www.reddit.com/r/sexstories/comments/134b8kt/sil_weekend_visit,134b8kt
546,https://www.reddit.com/r/sexstories/comments/132hqwn/he_wouldnt_do_it_so_i_made_him_cum_in_me,132hqwn
547,https://www.reddit.com/r/SluttyConfessions/comments/12rbp9t/i_31f_think_blowjobs_are_my_super_power,12rbp9t
548,https://www.reddit.com/r/SluttyConfessions/comments/12lyoph/35f_this_could_end_my_career,12lyoph
549,https://www.reddit.com/r/SluttyConfessions/comments/12g358r/20f_i_was_a_livein_sextoy_for_about_2_weeks_for_a,12g358r
550,https://www.reddit.com/r/sexstories/comments/1213lus/daddys_sex_parties_part_1,1213lus
551,https://www.reddit.com/r/sexstories/comments/11y3oqt/that_time_i_got_fingered_in_the_back_seat_while,11y3oqt
552,https://www.reddit.com/r/sexstories/comments/11vysch/my_19f_fantasy_came_true,11vysch
553,https://www.reddit.com/r/SluttyConfessions/comments/11tjp1c/tied_up_blindfolded_and_was_free_use_at_my,11tjp1c
554,https://www.reddit.com/r/sexstories/comments/11rkk6j/my_dream_roommate,11rkk6j
555,https://www.reddit.com/r/dirtyr4r/comments/11rptz5/25f4m_california_flirty_chatting_buddy,11rptz5
556,https://www.reddit.com/r/sexstories/comments/11q5oy3/i_19_f_have_become_addicted_to_an_old_gym_friends,11q5oy3
557,https://www.reddit.com/r/SluttyConfessions/comments/bdiz1z/i_got_gangbanged_for_the_first_time_yesterday_f_19,bdiz1z
558,https://www.reddit.com/r/SluttyConfessions/comments/11mfbol/19f_i_did_a_few_dares_for_a_friend,11mfbol
559,https://www.reddit.com/r/SluttyConfessions/comments/11mdd2a/f19_i_suck_off_the_boys_that_work_at_the_country,11mdd2a
560,https://www.reddit.com/r/SluttyConfessions/comments/wr1afp/i_19f_let_my_guy_best_friend_21m_use_me_to_get,wr1afp
561,https://www.reddit.com/r/SluttyConfessions/comments/11jgb17/babysitter_slut_f20,11jgb17
562,https://www.reddit.com/r/sexstories/comments/11jez3q/i_f18_am_known_to_my_neighbors_as_the_naked_girl,11jez3q
563,https://www.reddit.com/r/sexstories/comments/114jtta/question_from_little_sis_kat_part1,114jtta
564,https://www.reddit.com/r/IWantToBeHerHentai2/comments/11yars9/i_want_to_be_a_slime_girl_and_make_cute_boys_cum,11yars9
565,https://www.reddit.com/r/HentaiBullying/comments/11xb9e4/i_wish_the_boys_would_come_laugh_at_me_and_take,11xb9e4
566,https://www.reddit.com/r/rapefantasies/comments/103qhdw/reddit_please_i_need_this_and_more_i_need_to_feel,103qhdw
567,https://www.reddit.com/r/rapefantasies/comments/z3lcui/give_me_drugs_and_then_record_a_sextape_of_me,z3lcui
568,https://www.reddit.com/r/MisogynisticLife/comments/11j0o6t/the_way_he_takes_whats_his_makes_me_cum_because,11j0o6t
569,https://www.reddit.com/r/IWantToBeHerHentai2/comments/11htlpt/mommy_needs_a_girl_she_can_make_blush_like_this,11htlpt
570,https://www.reddit.com/r/sexstories/comments/11g0ds0/i_m_also_got_a_present_on_my_girlfriends_bday,11g0ds0
571,https://www.reddit.com/r/IWantToBeHerHentai2/comments/11f6gf7/i_realized_i_can_make_more_money_if_i_worked_as_a,11f6gf7
572,https://www.reddit.com/r/SluttyConfessions/comments/11f3is9/f27_got_passed_around_at_a_party,11f3is9
573,https://www.reddit.com/r/rapefantasies/comments/11f3qj5/reddit_i_need_someone_to_do_this_to_me_and_more,11f3qj5
574,https://www.reddit.com/r/IWantToBeHerHentai2/comments/11f4rhc/show_me_the_true_power_of_spirals,11f4rhc
575,https://www.reddit.com/r/SluttyConfessions/comments/11f3b7r/im_f38_the_neighbourhood_cumdumpster,11f3b7r
576,https://www.reddit.com/r/bdsm/comments/11dgmxi/cute_little_chair_tie_for_two,11dgmxi
577,https://www.reddit.com/r/IWantToBeHerHentai2/comments/11bxfqm/i_wanna_be_your_goth_roommate_that_secretly_loves,11bxfqm
578,https://www.reddit.com/r/IWantToBeHerHentai2/comments/11b9ter/wwho_cares_about_some_stupid_boyfriend_im_sure_he,11b9ter
579,https://www.reddit.com/r/sexstories/comments/11an3dk/got_horny_sent_my_roommate_a_porn_and_this,11an3dk
580,https://www.reddit.com/r/IWantToBeHerHentai2/comments/11aplbv/fuck_fuck_big_bro_is_just_slamming_that_dick,11aplbv
581,https://www.reddit.com/r/IWantToBeHerHentai2/comments/11945oy/everytime_i_go_out_to_a_rave_i_end_up_getting,11945oy
582,https://www.reddit.com/r/u_thematchandkerosene/comments/118mc5t/wednesday_and_thing,118mc5t
583,https://www.reddit.com/r/cumsluts/comments/118dlkd/i_made_him_cum_on_my_face_before_bed,118dlkd
584,https://www.reddit.com/r/SluttyConfessions/comments/1137lfs/i_20f_slept_with_3_different_people_on_valentines,1137lfs
585,https://www.reddit.com/r/SluttyConfessions/comments/111edda/f26_got_gangbanged_yesterday_then_something_funny,111edda
586,https://www.reddit.com/r/SluttyConfessions/comments/xr3cgl/in_college_i_got_gangbanged_for_my_bf_to_join_a,xr3cgl
587,https://www.reddit.com/r/Socalswingers/comments/10zugrk/socal_couple_f32m45_looking_for_single_men_for,10zugrk
588,https://www.reddit.com/r/sexstories/comments/10zffhr/1_horny_night,10zffhr
589,https://www.reddit.com/r/sexstories/comments/10ypu2v/my_roommate_wants_to_be_abused,10ypu2v
590,https://www.reddit.com/r/sexstories/comments/10xbd3c/f23_i_let_him_play_with_my_tits_in_the_library,10xbd3c
591,https://www.reddit.com/r/NSFWIAMA/comments/8cyc2k/i_32m_think_its_rapey_my_wife_31f_wants_me_to_do,8cyc2k
592,https://www.reddit.com/r/sexstories/comments/10d62k1/falling_asleep_and_waking_up_to_a_cock_throbbing,10d62k1
593,https://www.reddit.com/r/SluttyConfessions/comments/10v1c4g/i_f18_am_the_gangbang_slut_now_apparently,10v1c4g
594,https://www.reddit.com/r/SluttyConfessions/comments/10tp8zd/19f_cheated_on_so_i_let_2_guys_use_me,10tp8zd
595,https://www.reddit.com/r/SluttyConfessions/comments/10t8tqs/i_told_my_husband_i_wanted_to_be_his_free_use,10t8tqs
596,https://www.reddit.com/r/SluttyConfessions/comments/10sbku4/i_told_my_husband_i_wanted_to_be_his_free_use_slut,10sbku4
597,https://www.reddit.com/r/SluttyConfessions/comments/10tme07/my_perfect_relationship_is_a_freeuse_one_19f,10tme07
598,https://www.reddit.com/r/SluttyConfessions/comments/8ihehz/confessions_of_an_instagram_model,8ihehz
599,https://www.reddit.com/r/SluttyConfessions/comments/a5yic2/my_bf_let_me_22f_have_bareback_orgasmic_sex_with,a5yic2
600,https://www.reddit.com/r/SluttyConfessions/comments/10pdbok/i_got_fucked_so_hard_that_i_was_cumming_and,10pdbok
601,https://www.reddit.com/r/sexstories/comments/10rploh/i_20f_told_my_friend_24m_about_my_kidnappingrape,10rploh
602,https://www.reddit.com/r/SluttyConfessions/comments/1074ulx/i_18f_fucked_my_dads_friend_and_recorded_it,1074ulx
603,https://www.reddit.com/r/SluttyConfessions/comments/10pvwuy/24f_i_let_my_friend_fuck_me_while_he_talked_about,10pvwuy
604,https://www.reddit.com/r/sexstories/comments/10p3mq7/i_caught_my_husband_and_best_friend_pt2,10p3mq7
605,https://www.reddit.com/r/sexstories/comments/10o6gvb/i_caught_my_husband_and_my_best_friend,10o6gvb
606,https://www.reddit.com/r/gonewildstories/comments/r86ovs/i_taught_my_boyfriend_how_to_dominate_me_mf,r86ovs
607,https://www.reddit.com/r/u_GangbNgCum/comments/y83vzy/i_wish_you_could_all_line_up_and_get_a_turn_you,y83vzy
608,https://www.reddit.com/r/SluttyConfessions/comments/10kn7a4/one_night_two_rooms_threesome_24f,10kn7a4
609,https://www.reddit.com/r/sexstories/comments/10jt5rw/hs_student_teacher_part_2_of_2,10jt5rw
610,https://www.reddit.com/r/sexstories/comments/10jfwk3/i_m32_matched_on_tinder_with_my_hs_student,10jfwk3
611,https://www.reddit.com/r/SluttyConfessions/comments/10j1b0b/36f_first_gloryhole_experience,10j1b0b
612,https://www.reddit.com/r/sexstories/comments/10j16yu/more_than_one_hole,10j16yu
613,https://www.reddit.com/r/SluttyConfessions/comments/10hnnqg/a_young_girls_confession_of_being_at_the,10hnnqg
614,https://www.reddit.com/r/sexstories/comments/10f9hc4/end_of_hs_party_part_2,10f9hc4
615,https://www.reddit.com/r/sexstories/comments/10eiz9u/end_of_highschool_party,10eiz9u
616,https://www.reddit.com/r/SluttyConfessions/comments/10fsqpz/the_first_time_i_got_creampied_18f,10fsqpz
617,https://www.reddit.com/r/sexstories/comments/107o5l5/i_f26_found_a_website_that_connects_you_with,107o5l5
618,https://www.reddit.com/r/SluttyConfessions/comments/z5bpyy/my_friend_f26_asked_me_to_attend_a_gloryhole_with,z5bpyy
619,https://www.reddit.com/r/gonewildstories/comments/zes20l/f_my_first_homeinvasion,zes20l
620,https://www.reddit.com/r/SluttyConfessions/comments/znwquf/f21_am_i_an_evil_girlfriend,znwquf
621,https://www.reddit.com/r/HentaiBullying/comments/zfvpku/the_enemy_team_was_not_happy_about_losing_the,zfvpku
622,https://www.reddit.com/r/palegirls/comments/zcaqi3/me_as_wednesday_addams,zcaqi3
623,https://www.reddit.com/r/sexstories/comments/yo7130/part_2_sugar_rush_a_sugar_babys_yacht_weekend_has,yo7130
624,https://www.reddit.com/r/sexstories/comments/yg6jcx/sugar_rush_a_sugar_babys_yacht_weekend_has_more,yg6jcx
625,https://www.reddit.com/r/SluttyConfessions/comments/y7z6im/f25_thailand_dorm_girl_gangbang,y7z6im
626,https://www.reddit.com/r/SluttyConfessions/comments/yv84o5/20f_first_gangbang_it_felt_like_6_or_7_guys,yv84o5
627,https://www.reddit.com/r/SluttyConfessions/comments/ysmnyn/fm_i_had_a_threesome_with_2_guys_i_was_doing_a,ysmnyn
628,https://www.reddit.com/r/saynotoasianboys/comments/z4dk3a/asian_mom_takes_care_of_her_sons_bwc_bully,z4dk3a
629,https://www.reddit.com/r/SluttyConfessions/comments/ygimhf/20f_college_threesome_fmm_update,ygimhf
630,https://www.reddit.com/r/SluttyConfessions/comments/yfgnww/20f_college_threesome_dp,yfgnww
631,https://www.reddit.com/r/sexstories/comments/mu7vco/fucking_my_19m_girlfriends_friend_christy_18f,mu7vco
632,https://www.reddit.com/r/sexstories/comments/mmak03/fucked_my_girlfriends_friend_18_f_after_she,mmak03
633,https://www.reddit.com/r/sexstories/comments/z1icx4/i_20f_had_a_gangbang_in_a_sex_room,z1icx4
634,https://www.reddit.com/r/cumsluts/comments/z03ur9/ultimate_cum_slut,z03ur9
635,https://www.reddit.com/r/sexstories/comments/z0sp3x/stranger_on_the_beach,z0sp3x
636,https://www.reddit.com/r/sexstories/comments/yxruzs/i_19f_watched_my_roommate_and_her_boyfriend_fuck,yxruzs
637,https://www.reddit.com/r/HentaiBullying/comments/yol8iu/a_desperate_little_chuckqueen_and_her_girlfriend,yol8iu
638,https://www.reddit.com/r/HentaiBullying/comments/yjsqdo/dumb_bitch_had_one_job_and_fucked_up_the_group,yjsqdo
639,https://www.reddit.com/r/HentaiBullying/comments/yge46w/doing_the_intern_and_the_secretary_at_the_same,yge46w
640,https://www.reddit.com/r/sexstories/comments/ygm5ba/i_25f_fucked_one_of_my_dads_army_buddies_46m,ygm5ba
641,https://www.reddit.com/r/SluttyConfessions/comments/y696cb/i_love_letting_guys_who_lack_confidence_pound_my,y696cb
642,https://www.reddit.com/r/sexstories/comments/yf5fyr/fun_at_a_swingers_house_party,yf5fyr
643,https://www.reddit.com/r/sexstories/comments/ydqkgu/my_roommates_and_i_had_sex_with_the_boys_from,ydqkgu
644,https://www.reddit.com/r/SluttyConfessions/comments/y9sqye/f19_how_i_found_out_my_bf_was_big,y9sqye
645,https://www.reddit.com/r/SluttyConfessions/comments/y8qvtg/my_f_friends_girlfriend_cheated_on_him_with_his,y8qvtg
646,https://www.reddit.com/r/IWantToBeHerHentai2/comments/1mnxp43/i_dont_know_why_you_such_a_big_deal_about_it_its,1mnxp43
647,https://www.reddit.com/r/RealGirls/comments/ya5sk7/your_face_should_be_between_my_thighs_right_now,ya5sk7
648,https://www.reddit.com/r/bdsm/comments/ya2yvv/sex_and_submission_of_penny_pax,ya2yvv
649,https://www.reddit.com/r/sexstories/comments/y8fgv7/husband_tied_me_to_the_bed_and_blindfolded_and,y8fgv7
650,https://www.reddit.com/r/DirtyConfession/comments/y4nwl9/19f_my_new_kink_goes_against_everything_i_stand,y4nwl9
651,https://www.reddit.com/r/sexstories/comments/y6r08d/f_18_college_turned_me_into_a_total_fucktoy,y6r08d
652,https://www.reddit.com/r/sexstories/comments/y6lbeq/19f_got_dared_to_give_up_my_pussy_on_halloween,y6lbeq
653,https://www.reddit.com/r/SluttyConfessions/comments/y34u8o/my_bf_brutalized_my_pussy_after_a_fight_vanilla,y34u8o
654,https://www.reddit.com/r/SluttyConfessions/comments/y3mx34/18f_finally_got_my_bfs_dad_to_play_with_me,y3mx34
655,https://www.reddit.com/r/sexstories/comments/y0murt/american_airlines_flight_953,y0murt
656,https://www.reddit.com/r/SluttyConfessions/comments/xx5a1y/part_2_19f_wear_short_skirts_to_concerts_its_wayy,xx5a1y
657,https://www.reddit.com/r/SluttyConfessions/comments/xwbeo2/19f_wear_short_skirts_to_concerts_its_wayy_more,xwbeo2
658,https://www.reddit.com/r/SluttyConfessions/comments/xsn4mb/my_bf_made_me_a_cum_addict,xsn4mb
659,https://www.reddit.com/r/SluttyConfessions/comments/xpv8uq/f26ound_a_gloryhole_at_a_bar,xpv8uq
660,https://www.reddit.com/r/SluttyConfessions/comments/xqn0t1/this_confession_will_make_you_hard_18f,xqn0t1
661,https://www.reddit.com/r/SluttyConfessions/comments/xn7p1m/i_got_both_my_best_friend_and_her_girlfriend,xn7p1m
662,https://www.reddit.com/r/bdsm/comments/xq8o2h/locked_and_licked,xq8o2h
663,https://www.reddit.com/r/SluttyConfessions/comments/xi6kl8/f19_woke_up_to_my_fwbs_cock_in_my_pussy,xi6kl8
664,https://www.reddit.com/r/bdsm/comments/xecx1x/slapped_and_ready_to_be_used,xecx1x
665,https://www.reddit.com/r/sexstories/comments/x4zlvh/a_bet_with_sister_ends_up_with_her_becoming_my,x4zlvh
666,https://www.reddit.com/r/bdsm/comments/x53vr6/my_new_leather_harness_wearing_nipple_clips,x53vr6
667,https://www.reddit.com/r/SluttyConfessions/comments/x25gf7/went_to_a_party_with_the_word_slut_written_on_my,x25gf7
668,https://www.reddit.com/r/videography/comments/isnvp8/recording_skill_and_camera_for_pov_amateur_porn,isnvp8
669,https://www.reddit.com/r/bdsm/comments/wv7xyg/masters_view_when_he_comes_home,wv7xyg
670,https://www.reddit.com/r/SluttyConfessions/comments/asmtln/the_ups_and_downs_of_being_a_college_voyeur_f,asmtln
671,https://www.reddit.com/r/SluttyConfessions/comments/wh5fbn/im_22f_not_wearing_anything_under_my_skirt_right,wh5fbn
672,https://www.reddit.com/r/sexstories/comments/wfj695/free_fuck,wfj695
673,https://www.reddit.com/r/sexstories/comments/wflpur/first_time_with_a_hotwife_in_thailand_long,wflpur
674,https://www.reddit.com/r/SluttyConfessions/comments/vzj9yn/my_boyfriend_is_away_on_a_business_trip_and_my_ex,vzj9yn
675,https://www.reddit.com/r/SluttyConfessions/comments/wbg7tl/22f_i_honestly_feel_so_proud_of_myself,wbg7tl
676,https://www.reddit.com/r/gonewildstories/comments/wao1jb/my_18_then_pussy_was_rubbed_on_the_dancefloor,wao1jb
677,https://www.reddit.com/r/SluttyConfessions/comments/w5v5cy/23f_i_let_my_husband_35m_fuck_me_in_the_ass_to,w5v5cy
678,https://www.reddit.com/r/SluttyConfessions/comments/w9kp3n/after_26_years_of_being_the_sweet_naive_farm_girl,w9kp3n
679,https://www.reddit.com/r/sexstories/comments/w9namq/i_fucked_2_of_my_wifes_friends_at_once,w9namq
680,https://www.reddit.com/r/bdsm/comments/w9kf76/helpless_orgasm,w9kf76
681,https://www.reddit.com/r/sexstories/comments/w79gbn/i_let_my_bf_cum_inside_me_as_frequently_as,w79gbn
682,https://www.reddit.com/r/sexstories/comments/vidgz2/i_went_to_a_free_use_party_35f,vidgz2
683,https://www.reddit.com/r/sexstories/comments/w4ye2e/i_used_to_force_myself_to_have_sex_with_my,w4ye2e
684,https://www.reddit.com/r/bdsm/comments/w2rh93/am_i_a_good_fucktoy,w2rh93
685,https://www.reddit.com/r/sexstories/comments/w0famf/what_he_does_to_me,w0famf
686,https://www.reddit.com/r/cumsluts/comments/vvwnri/hermione_granger_working_hard_to_drain_him,vvwnri
687,https://www.reddit.com/r/SluttyConfessions/comments/vt72ub/i_left_my_door_unlocked_and_i_sat_naked_with_my,vt72ub
688,https://www.reddit.com/r/SluttyConfessions/comments/vsnh9b/i_have_a_freeuse_deal_with_my_husband_but_lately,vsnh9b
689,https://www.reddit.com/r/SluttyConfessions/comments/vqvax9/i_19f_told_my_hookup_he_could_do_whatever_he,vqvax9
690,https://www.reddit.com/r/SluttyConfessions/comments/vmo8zr/21f_i_ended_up_deepthroating_my_bfs_best_friend,vmo8zr
691,https://www.reddit.com/r/SluttyConfessions/comments/jqx3di/f29_when_i_was_penetrated_onstage_in_front_of_an,jqx3di
692,https://www.reddit.com/r/sexstories/comments/vobi30/the_time_i_m32_fucked_a_girl_f30_that_i_met_via_a,vobi30
693,https://www.reddit.com/r/u_Nikaniikaa/comments/unn3cn/verification_video,unn3cn
694,https://www.reddit.com/r/gonewildstories/comments/fvyorw/college_hockey_team_gangbang_20_f,fvyorw
695,https://www.reddit.com/r/SluttyConfessions/comments/v48nha/i_came_inside_my_friend_and_she_doesnt_know_it,v48nha
696,https://www.reddit.com/r/SluttyConfessions/comments/b3moxu/i_30m_cnc_gang_rape_a_girl_25f_all_weekend_long,b3moxu
697,https://www.reddit.com/r/gonewildaudio/comments/kpsrov/script_fillf4m_help_my_girlfriend_is_a_hypnotist,kpsrov
698,https://www.reddit.com/r/SluttyConfessions/comments/uj1h0d/f18_i_recently_lost_my_virginity_in_the_kinkiest,uj1h0d
699,https://www.reddit.com/r/bdsm/comments/uxozo3/am_i_a_good_or_bad_cop,uxozo3
700,https://www.reddit.com/r/SluttyConfessions/comments/s4ofzu/the_most_primal_ive_ever_felt_24f,s4ofzu
701,https://www.reddit.com/r/u_TinyArabBaby/comments/ump4bb/my_story,ump4bb
702,https://www.reddit.com/r/eroticliterature/comments/ussz23/mf_i_think_i_might_have_been_a_little_too_loud,ussz23
703,https://www.reddit.com/r/RealGirls/comments/tygj0n/snacks_belong_in_the_kitchen_so_here_i_am,tygj0n
704,https://www.reddit.com/r/sexstories/comments/o4vo58/im_flight_attendant_and_i_know_everything_about,o4vo58
705,https://www.reddit.com/r/SluttyConfessions/comments/uowsux/finally_my_27f_birthday_gangbang_update,uowsux
706,https://www.reddit.com/r/SluttyConfessions/comments/uoy0gs/i_f23_made_a_mistake_with_my_student_m18,uoy0gs
707,https://www.reddit.com/r/SluttyConfessions/comments/uih95e/i_24f_let_my_boyfriend_25m_drug_me_before_he_had,uih95e
708,https://www.reddit.com/r/RealGirls/comments/uie0ok/metal_bikinis_are_actually_very_uncomfortable,uie0ok
709,https://www.reddit.com/r/SluttyConfessions/comments/udo3ts/f45_im_a_married_mom_who_drives_for_uber_and_i,udo3ts
710,https://www.reddit.com/r/sex/comments/1a1ybm/what_is_the_hottest_thing_a_man_has_done_to_you,1a1ybm
711,https://www.reddit.com/r/SluttyConfessions/comments/i7tz25/the_guy_who_bought_me_lingerie_m27_on_my_work,i7tz25
712,https://www.reddit.com/r/SluttyConfessions/comments/n37bom/my_longdistance_boyfriend_m27_ordered_a_calvin,n37bom
713,https://www.reddit.com/r/SluttyConfessions/comments/u7rm72/i_f24_was_face_fucked_by_a_coworker_i_dont_get,u7rm72
714,https://www.reddit.com/r/cumfetish/comments/t6ocqk/all_face_in_his_cum_and_my_droll,t6ocqk
715,https://www.reddit.com/r/SluttyConfessions/comments/u33ob8/strip_poker_with_my_friends_wife,u33ob8
716,https://www.reddit.com/r/SluttyConfessions/comments/om5x4s/oh_my_gosh_f19_the_pay_was_good_but_they_beat_the,om5x4s
717,https://www.reddit.com/r/SluttyConfessions/comments/tt567q/how_i_f18_went_from_innocent_college_virgin_to,tt567q
718,https://www.reddit.com/r/cumfetish/comments/s8rzht/all_over_and_then_some,s8rzht
719,https://www.reddit.com/r/SluttyConfessions/comments/tfucs4/how_i_f18_went_from_innocent_college_virgin_to,tfucs4
720,https://www.reddit.com/r/SluttyConfessions/comments/tex5xg/how_i_f18_went_from_innocent_college_virgin_to,tex5xg
721,https://www.reddit.com/r/SluttyConfessions/comments/tc0kxn/how_i_f18_went_from_innocent_college_virgin_to,tc0kxn
722,https://www.reddit.com/r/SluttyConfessions/comments/tbxv2a/how_i_f18_went_from_innocent_college_virgin_to,tbxv2a
723,https://www.reddit.com/r/SluttyConfessions/comments/tfmh7h/i_gave_a_much_younger_coworker_head_in_the,tfmh7h
724,https://www.reddit.com/r/SluttyConfessions/comments/nljzbf/f19_i_just_agreed_to_be_free_use_for_a_house_of_6,nljzbf
725,https://www.reddit.com/r/SluttyConfessions/comments/n15k5n/my_exwife_blows_me_more_now_that_we_are_divorced,n15k5n
726,https://www.reddit.com/r/SluttyConfessions/comments/t4at3m/when_i_was_in_high_school_i_f18_got_gangbanged_by,t4at3m
727,https://www.reddit.com/r/SluttyConfessions/comments/slq7tx/i_24f_had_an_unprotected_gangbang_last_month,slq7tx
728,https://www.reddit.com/r/SluttyConfessions/comments/tf5sts/i_f25_woke_up_to_him_m25_using_me_as_his_comfort,tf5sts
729,https://www.reddit.com/r/RealGirls/comments/i0kmfd/quarantine_has_forced_me_to_get_creative,i0kmfd
730,https://www.reddit.com/r/SluttyConfessions/comments/nlaj7k/i_25f_turned_my_friend_24f_into_an_absolute_cock,nlaj7k
731,https://www.reddit.com/r/SluttyConfessions/comments/fu8o1h/a_guy_20m_from_work_found_my_19f_nsfw_reddit,fu8o1h
732,https://www.reddit.com/r/SluttyConfessions/comments/nj1k7v/33f_even_if_a_guy_im_having_sex_with_is_small_i,nj1k7v
733,https://www.reddit.com/r/SluttyConfessions/comments/mpca6j/as_a_female_kindergarten_teacher_f_23_i_get,mpca6j
734,https://www.reddit.com/r/SluttyConfessions/comments/t45lv0/f_22_deepthroated_at_a_rave,t45lv0
735,https://www.reddit.com/r/sexstories/comments/tczvf9/f_35_i_am_a_policewoman_this_is_the_story_about,tczvf9
736,https://www.reddit.com/r/SluttyConfessions/comments/tck7ff/my_life_as_a_free_use_girlfriend_did_we_go_too_far,tck7ff
737,https://www.reddit.com/r/gonewildstories/comments/oawmq9/i_curtsy_to_the_men_that_ive_fucked_mf,oawmq9
738,https://www.reddit.com/r/SluttyConfessions/comments/ldhs58/25f_i_gave_my_boyfriend_permission_to_order_me,ldhs58
739,https://www.reddit.com/r/SluttyConfessions/comments/krv16d/25f_boyfriend_won_a_bet_so_i_have_to_service_him,krv16d
740,https://www.reddit.com/r/SluttyConfessions/comments/t4dsm5/f25_my_ex_makes_me_suck_him_whenever_i_apologize,t4dsm5
741,https://www.reddit.com/r/SluttyConfessions/comments/t7prc8/i_just_fucked_the_thickest_cock_ive_ever_seen,t7prc8
742,https://www.reddit.com/r/SluttyConfessions/comments/szlm3g/i_30f_fucked_a_guy_from_tinder_that_my_fwb_picked,szlm3g
743,https://www.reddit.com/r/SluttyConfessions/comments/svjhir/28f_in_a_relationship_i_got_finger_fucked_in_a,svjhir
744,https://www.reddit.com/r/SluttyConfessions/comments/svbc4y/28_f_in_a_relationship_part_2_of_how_i_became_a,svbc4y
745,https://www.reddit.com/r/SluttyConfessions/comments/sv5dn8/28_f_in_a_relationship_i_became_a_collateral_fuck,sv5dn8
746,https://www.reddit.com/r/SluttyConfessions/comments/swn777/i_f23_gave_my_brotherfianc%C3%A9_m21_and_girlfriend,swn777
747,https://www.reddit.com/r/SluttyConfessions/comments/swsx9p/i_fucked_a_stranger_in_the_bathroom_while_on_a,swsx9p
748,https://www.reddit.com/r/SluttyConfessions/comments/swrxra/i_38f_love_feeling_cum_ooze_out_of_my_pussy,swrxra
749,https://www.reddit.com/r/SluttyConfessions/comments/swk8fp/a_night_of_firsts_my_valentine_gave_me_multiple,swk8fp
750,https://www.reddit.com/r/SluttyConfessions/comments/sw8vcg/joining_bathrooms_in_mountain_cabin_caught_me_out,sw8vcg
751,https://www.reddit.com/r/SluttyConfessions/comments/sw6az0/masturbating_while_listening_to_hubby_fuck,sw6az0
752,https://www.reddit.com/r/SluttyConfessions/comments/lbjagu/my_19f_boyfriend_21m_has_turned_me_into_his_cum,lbjagu
753,https://www.reddit.com/r/SluttyConfessions/comments/srk9za/24f_admitted_i_was_free_use_at_a_party,srk9za
754,https://www.reddit.com/r/SluttyConfessions/comments/sqtcdw/27f_my_fianc%C3%A9_let_one_of_his_friends_use_and,sqtcdw
755,https://www.reddit.com/r/SluttyConfessions/comments/sqsove/i_26f_blew_my_personal_trainer_28m_this_morning,sqsove
756,https://www.reddit.com/r/EroticHypnosis/comments/lguhr2/boyfriend_has_forced_fetish_fetish,lguhr2
757,https://www.reddit.com/r/stupidslutsclub/comments/sk8q7n/my_first_orgy,sk8q7n
758,https://www.reddit.com/r/gonewildstories/comments/3f3vm0/turning_my_gf_into_a_slut,3f3vm0
759,https://www.reddit.com/r/SluttyConfessions/comments/fo2dbw/how_i_turned_my_girlfriend_into_a_slut,fo2dbw
760,https://www.reddit.com/r/SluttyConfessions/comments/spycns/i_didnt_give_my_coworker_a_choice,spycns
761,https://www.reddit.com/r/SluttyConfessions/comments/sj9l2s/heres_the_story_of_the_hottest_encounter_i_36m,sj9l2s
762,https://www.reddit.com/r/SluttyConfessions/comments/sj7zyi/late_30s_group_nj_the_first_time_my_wifes_friend,sj7zyi
763,https://www.reddit.com/r/SluttyConfessions/comments/p6kar1/i_25f_fucked_a_groom_on_a_bachelor_party_pt_2,p6kar1
764,https://www.reddit.com/r/SluttyConfessions/comments/p6dlm7/i_25f_fucked_a_groom_on_his_bachelor_party,p6dlm7
765,https://www.reddit.com/r/dirtypenpals/comments/l7p04z/f4a_an_ancient_and_mythical_lewd_world_that_we,l7p04z
766,https://www.reddit.com/r/stupidslutsclub/comments/slouk0/multiple_guys_came_in_me_f_at_our_office_party,slouk0
767,https://www.reddit.com/r/SluttyConfessions/comments/soxjre/after_five_years_of_marriage_i_finally_let_my,soxjre
768,https://www.reddit.com/r/stupidslutsclub/comments/9h3gd1/for_four_years_i_was_a_stupid_slut_in_the_us_army,9h3gd1
769,https://www.reddit.com/r/stupidslutsclub/comments/9hm0ma/continued_for_four_years_i_was_a_stupid_slut_in,9hm0ma
770,https://www.reddit.com/r/SluttyConfessions/comments/sa81xy/f20_in_vegas_for_a_bachelor_party_to_provide_the,sa81xy
771,https://www.reddit.com/r/gonewildstories/comments/sdg3en/f_had_a_wild_time_at_the_bachelor_party_in_vegas,sdg3en
772,https://www.reddit.com/r/gonewildstories/comments/sbul85/f_had_a_wild_time_at_the_bachelor_party_in_vegas,sbul85
773,https://www.reddit.com/r/gonewildstories/comments/sb2ta1/f_had_a_wild_time_at_the_bachelor_party_in_vegas,sb2ta1
774,https://www.reddit.com/r/SluttyConfessions/comments/se57aa/f20_had_a_wild_time_at_the_bachelor_party_in,se57aa
775,https://www.reddit.com/r/SluttyConfessions/comments/jzqcya/i_25f_gifted_my_best_friend_22f_a_dildo_in_the,jzqcya
776,https://www.reddit.com/r/SluttyConfessions/comments/r8jxwb/i_f22_was_gangbanged_for_my_birthday,r8jxwb
777,https://www.reddit.com/r/gonewildstories/comments/4ogo37/college_party_first_time_19f_on_my_knees_surprise,4ogo37
778,https://www.reddit.com/r/gonewildstories/comments/4fdbr4/the_most_common_questions_people_ask_me_28f_about,4fdbr4
779,https://www.reddit.com/r/gonewildstories/comments/3pdu3i/fwb_came_in_my_butt_f_just_hours_before_first,3pdu3i
780,https://www.reddit.com/r/NSFWIAMA/comments/hmjq5s/ive_participated_in_over_10_paid_gang_bangs_for,hmjq5s
781,https://www.reddit.com/r/NSFWIAMA/comments/bwi9m2/my_evolution_from_doing_paid_gang_bangs_to_a,bwi9m2
782,https://www.reddit.com/r/NSFWIAMA/comments/7mo598/i_did_paid_gang_bangs_to_get_out_of_debt_and_pay,7mo598
783,https://www.reddit.com/r/gonewildstories/comments/7mjo4d/i_put_myself_through_med_school_doing_gang_bangs,7mjo4d
784,https://www.reddit.com/r/gonewildstories/comments/44y6v2/i_28f_returned_to_a_vegas_sex_club_to_have_sex,44y6v2
785,https://www.reddit.com/r/sex/comments/irhty/my_experiences_and_tips_for_face_fucking_and_the,irhty
786,https://www.reddit.com/r/TopsAndBottoms/comments/p0nu3z/preparing_my_hole_for_a_gangbang,p0nu3z
787,https://www.reddit.com/r/AskReddit/comments/87w59r/whats_the_best_sexual_experience_youve_ever_had,87w59r
788,https://www.reddit.com/r/stupidslutsclub/comments/6yvo25/whats_a_girl_to_do_a_day_before_her_first_gang,6yvo25
789,https://www.reddit.com/r/MxRMods/comments/rry977/_,rry977
790,https://www.reddit.com/r/gonewildstories/comments/ahygvt/what_i_learned_from_being_gangbanged_group,ahygvt
791,https://www.reddit.com/r/rule34/comments/ntpgz9/hermione_granger_peter_pettigrew_4kolor_harry,ntpgz9