id,link,domain
16q5pwe,https://www.redgifs.com/watch/midnightblueverifiablehoneybadger,www.redgifs.com
17mku0s,https://v3.redgifs.com/watch/clearradiantimago,v3.redgifs.com
1odgtl4,https://www.redgifs.com/watch/goldpoorverdin,www.redgifs.com
1oe3txz,https://redgifs.com/watch/awkwardmediumseagreenduckling,redgifs.com
1oefmkz,https://v3.redgifs.com/watch/769309872419882097,v3.redgifs.com
1oehbw8,https://www.redgifs.com/watch/jealouswelcomegilamonster,www.redgifs.com
1oeilc5,https://www.redgifs.com/watch/blueseparateswallow,www.redgifs.com
1oetkrb,https://www.redgifs.com/watch/deafeninguniformcockatiel,www.redgifs.com
1oew9bz,https://www.redgifs.com/watch/wiryunwelcomewhale,www.redgifs.com
1oewrsc,https://www.redgifs.com/watch/politicalwatchfulmudpuppy,www.redgifs.com
1of5cy7,https://www.redgifs.com/watch/elementarygrubbyspidermonkey,www.redgifs.com
1of6xb8,https://www.redgifs.com/watch/cooperativeforthrightfantail,www.redgifs.com
